film_key,review_clean
The Lord of the Rings: The Fellowship of the Ring (2001),im sorry all that just for the MF TO NOT THROW THE RING AWAY
The Young Girls of Rochefort (1967),i love you jacques demy
Ema (2019),"""I'm going to horrify you"" BITCHHHH WE WAS LIKE AHHHHHH WTF"
Flee (2021),THIS WAS TOO GOOD TOOOOOOO GOOD WTF this deserves best picture idgaf
The Fly (1986),a gory good time
Drive My Car (2021),Notes during my time watching - hes hot omg - when is this girl dying im so scared - NOT HER CHEATING - SHES DEAD WTF - his black fit emo king - THESE TUNNEL SHOTS ARE BEAUTIFUL -Her scar and his car representing grief and the deaths they cant let go oh wowww -SHES LEARNED TO BE LESS PERFECT DRIVING THE CAR WHEN SHE WAKES HIM UP. - Hes wearing blue at the end and not black. - hes crying nooo dont cry ur so hot - HE GAVE HER THE CAR AND SHE REMOVED HER SCAR YASSSSSS
After Yang (2021),"so intensely intimate, passionate, vulnerable, and full of life. Kogonada's films make me happy to be alive and make me wanna go to the park and just sit and think and smile. God this man is insane."
Sonic the Hedgehog 2 (2022),i feel like im on crack
All About My Mother (1999),Opening Night and Streetcar Named Desire are some of my favs ever the references and homages to classic cinema were ALL SO FUNNNN
Jurassic Park (1993),LAURA DERNATION HOW ARE WE FEELING!!!
The Final Destination (2009),sucked donkey ass but the car wash bit was cool ig idk had horrid pacing unlikeable characters wasnt fun like the other movies the deaths werent as cool or convoluted and the actors all lacked any emotion
Final Destination 5 (2011),"the compilation of all the kills at the end of the movie, yeah they knew they had an iconic series in their hands"
Persona (1966),what would u do if when you okay so he said yes would go
Cecil B. Demented (2000),"""POWER TO THE PEOPLE WHO PUNISH BAD CINEMA"""
Boogie Nights (1997),""" We're going to make film history...right here on videotape"" Perfectly encaptures the thesis of the film. The desire and obsession with this sex filled superstar life whilst also abandoning all morals and ethics to get it. Yet its also somehow like so touching and about connection and loneliness and the desperate need for revelance and like A BIG ASS SIGN THAT SAYS UR HERE like those corny neon eyesores in the movie. Its so American Honey, so hedonistic and maybe perfect idk"
Roadgames (1981),Fourth Rear Window homage type movie ive seen this year lmao how weird
Prince of Darkness (1987),Pure horror at its finest ugh
The Texas Chain Saw Massacre (1974),.....and what if i said i preferred 2003's chainsaw massacre.....
All These Sleepless Nights (2016),Fun when its a frances ha esque dreamlike coming of age not fun when its idk a documentary even tho that's technically what it is its good when its a modern Terrence Malick and fun and hypnotic and dreamy
Beau Travail (1999),Felt like wayyyyyyyy disconnected from this like so bad LMAO im actually mad rn um but visually it was stunning
Decision to Leave (2022),ngl lost me after like the first hour and a half (which was an incredible hour and a half) but the ending god that was great
Dead Ringers (1988),This felt so long to me idk why i was liking it a lot for the first hour and then when the addictions set in it felt so slow and directionless and honestly i was bored by the end which is so annoyingggg cuz it was so good to start
Casino Royale (2006),hot
Twin Peaks: Fire Walk with Me (1992),""" Faster and faster. And for a long time you wouldn't feel anything. And then you'd burst into fire. Forever... And the angel's wouldn't help you. Because they've all gone away."" A hopeless nightmare from start to finish. Laura Palmer's marked for death and try as we might to save her we just cannot. Her destiny is pre-ordained and lynch forces us to live with her through her final days. Its absolutely mesmerizing and horrifying at the same time."
Possession (1981),blood n guts n marital problems
The Worst Person in the World (2021),happy valentines day <3
Days of Being Wild (1990),"another Wong Kar Wai hit whos surprised. I mean this is simply mesmerizing. I didnt expect it to have so much discussions on class and the way it affects our interpersonal and romantic relationships with each other. Liked how it showed the poorer, secondary characters as helpful and caring yet desirous and full of ambitions and dreams they strive to accomplish but may never achieve cuz of their class. Loneliness and lost connections are also highlighted but like thats a staple in his work by now lmao. Some time has passed (2 hours) and i havent stopped thinking abt how each character feels such distinct loneliness and lost love and heart ache and pain and ugh days of being mf wild"
Training Day (2001),ethan hawke eternal boyfriend
2046 (2004),""" Why can't it be like it was before?"" Wong Kar Wai's culmination of all his motifs and themes hes made up to this point into one film. Lost memories, regrets, love, and longing yet its not presented in his usual shoegaze-y, hazy way but in something so bleak. Making this a sequel to In The Mood For Love was so smart cuz of how much of a juxtaposition this is to that. I mean ITMFL is the worlds greatest love story to some, the pinnacle of eroticism without physical touch, eternal longing and heartache, and sure the latter half is obviously present as Mr Chow grows, but this movie relies on its tone being sex-filled, grey, and apathetic. Also kind of the most tragic of his films cuz of how alone Mr Chow truly is and how he seeks distraction thru sex and reliving past loves with new women, and putting all his truths and feelings into his writing absentmindedly. Need to rewatch tbh i feel like i missed so much thematic importance in the 2046 parts."
Scream (1996),literally 40 minutes of just pure excitement and fun and terror at the end its insane how the final act doesnt let up. A CLASSIC.
Your Name. (2016),I mean cmon just endlessly magical and enchanting and beautiful and just makes you feel love
Evangelion: 1.0 You Are (Not) Alone (2007),I mean this is basically just a speedrun of the first like 1/3 of evangelion but i have to say i much prefer the show's slower approach like if i never watched the show i wouldnt feel anything after this but obviously like watching the show and diving deeper into shinji's thoughts and actions adds like context to this yadidadida
Inland Empire (2006),what would u do if when u ok so he said yes would go
The Hand (2020),"Tragedy of ur first love and first infatuation. God honestly i thought this wasn't doing much for me until that heartbreaking final shot of Chang Cheng looking longingly into the camera i love that mam his cheekbones are insane. Typical Wong Kar Wai-isms present but noticeably less hazy and more sensual. Every action is drenched in big time sensuality from ironing and folding clothes to making a dumbling to eating, just constantly fantasizing abt the one ur love struck with"
Crimes of Passion (1984),my year of rest and erotic thrillers
Mirror (1975),"Stunning visuals, i just dont think im smart enough to understand this🤓"
The Godfather (1972),LOOK HOW THEY MASSACRED MY BOY
Annie Hall (1977),"good for the first 30 mins and then i thought i was almost done and i somehow had an hour left and then it was just an hour of numbness in my brain, those 30 mins were great tho"
The Super Mario Bros. Movie (2023),Not mario being from bushwick
Once Upon a Time... in Hollywood (2019),chekhov's flamethrower
Some Like It Hot (1959),black and white White Chicks seriously
Before Midnight (2013),""" Couldn't really love you anymore, you've become my ceiling."" End of times stuff man. Love at the edge of it all, at the cusp and present and past and future. They hate and love each other so completely. They spend so much time pondering on the philosophical and the existential but what brings them together is the reality of it all. This is all they're ever gonna have, this is it!, and they're tied together permanently. Cultures clash, spiteful words get splattered along the walls, regrets and doubts get blamed upon the other, but at the end of it all they're all they have and all they will ever know. The one person they know everything about. (Thinking about the permanence of midnight vs a sunset or sunrise which is set about by time. Like in the other movies there was a sense of urgency bc of their solar time units but midnight is so concrete and dark and ugh. Will workshop on this thought.)"
Guardians of the Galaxy Vol. 3 (2023),chris pratt is so unbearably hot unfortunately ugh using florence the fucking machine they knew to bring mother to get some emotions out of me
Holy Motors (2012),what the fuck
Black Christmas (2006),Has the potential to be so much better than it is man but that editing is so atrocious oh my god why are we moving at lightning speed and why arent u showing me the kills😭😭why is Miss Winstead not the lead why is the climactic fight scene so lame like just whyyyyy couldve been so much cooler
American Gigolo (1980),"Hate doing a ""serious"" review twice in a row but my god Schrader just hits idk. Julian is such an insecure man who can't separate pleasure from payment, julian reeks of abandonment and pride and hes so alone inside and everything about julian is a facade. his clothes, his persona, hes icarus flying too close to the sun and he faces the consequences of this sleazy l.a. world he desperately wants to be a part of but what he craves is connection. the way it ends with (a similar shot as the card counter which is quite interesting) him resting on Michelle's hand, finally embracing and being vulnerable and yet its through a glass screen between them. physical touch isn't needed, his love isnt transactional and commodified anymore its open and clear. The fucking score being synth interpolations of Blondie's ""Call Me""- I mean how wasn't I gonna love this."
Atonement (2007),Joe Wright directed the shit out of this oh my god he came into the directors chair mad as hell😭😭
The Innocent (2022),why was this so engaging wtf i loved this a lot
Evil Dead II (1987),bruce campbell has no business being this fine oh my god
Evil Dead (2013),the squelchiest movie ever made my god
The Virgin Suicides (1999),sofia the goat
Days of Heaven (1978),absolutely amazing oh my god so epic and biblical and grand and just aching with longing and desire and betrayal and emotion. The nonstop gusting of wind and motion the whole time is so beautiful. The locusts and fire and lovers and snow. The score is so haunting and moving and crazy. Loveeeed this.
Legally Blonde (2001),me when i have a 4.0 gpa in cuntology
Autumn Sonata (1978),"""Is my grief your secret pleasure?"""
The Nice Guys (2016),margaret qualley carried
Saw (2004),he was soooooooo gagged
Alien (1979),"Masterclass in tension, lighting, and production design omfg"
Game Night (2018),jesse plemons the most talented man put on earth yup its true hes my king hes the one
High Fidelity (2000),"me every two seconds: HEYY this is just like the show😝😝 i fucking love the reboot high fidelity show ive seen it 4 times its my canceled beloved idk if i wouldve loved it if i never saw the show but i did indeed love this, kinda a perfect plotless but kinda has a plot movie, Rob is the worst man put on screen but i kinda wanna be him and also kinda am him, idk what it is abt this story thay just hits for me but both the movie and show are excellent need to read the book asf now"
Burning (2018),"this was sooooooo eyes wide shut hold up i think its kind of too slow for its own good but has so many hints and foreshadowings and u can make ur own assumptions off of it and that part is kinda genius,"
The Beyond (1981),i love movies like this i NEED MORE MOVIES LIKE THIS
Halloween (2007),"sorry i have to admit im kind of fond of Zombie's trailer trash aesthetic idk it works for me LMAOO and this was good unril the last 25ish mins that felt like 3 hours long, michae myers being so brutal the camera cowers at his brutality and the actor they chose for him and his size is so insane hes towering over everything its so horrifying to watch"
The Canyons (2013),best and worst movie ever made omfg im such a crazy Schrader fanboy but why was this so good not one moment in this awkard quiet lowkey cringe non-erotic erotic thriller that i was bored i was literally hooked the whole time and then it suddenly just ends no resolution no nothing just black screen. Lindsay Lohan's rent was due omfg she was the only one acting this is soooo L.A. brain rot its superficial and its genius and stupid at the same time and the way its shot like a 2000's reality show omfg genius
Passages (2023),the most evil bisexual in the world omfg
"What's Up, Doc? (1972)",nonstop fun oh my god bring back the screwball comedy
Killers of the Flower Moon (2023),Anything: Ermest Burkhart: ☹️
Spider-Man: Across the Spider-Verse (2023),Unexpectedly really gay help umm wtf😭😭this was so good literally idk transports u thats so corny but like god the animation is so cool dude ugh
Weekend (2011),its just so good omfg
Freaks (1932),i wish this was longer omfg the wedding scene is so good one of us one of us gooble gobble gooble gobble
Oldboy (2003),bro got 15 years for talking shit omg id be in there for life😭😭😭😭😭
Roma (2018),Violently sobbing rn oh my god Cuaron crafted a masterpiece thats full of empathy and grace and heart and passion oh mybwiajejwj this movie i was never bored at all throughout its sort of slower pacing its so meticulously crafted and detailed and some of the shots are just so beautiful the acting is so good and naturalistic idk u can tell this was made with love and care and attention and it was just so beautiful god probably my last watch of 2023 and what a perfect way to end the year
Return to Seoul (2022),i liked this but like i could feel myself wearing thin as it went on i guess the second half of this movie is kinda like just okay with like two really powerful scenes that carry it but like idk i cant rate it lower in my head than a 4 cuz like overalllllllllll it was good
The 4th Man (1983),wheres Verhoeven when u need him omfg the youth crave erotic thrillers!!!!
Rope (1948),movies set in one location are my one true love
A Matter of Life and Death (1946),last half was so boring it ruined the excellence before it im so sorry yall i could not
Chungking Express (1994),"truly the best movie to ever do it omfg this watch was so insane for me noticed so many smaller details i overlooked before and grew a bigger appreciation for the first half that i always thot was wayyy weaker than the second half I'm convinced tony leung is the suavest man to ever grace the screen hes my number one boy. Wong Kar Wai i love u like godddddd this movie is so good, so many amazing quotes and lines and the music is so good obviously california dreamin, but also DREAMS AND THE SONG IN THE FIRST HALF, AND THE WHAT A DIFFERENCE the day makes song, and the dreamy haziness of the cinematography ugh i eat that shit up omfg AND THE WAY IT ENDS- WHERE DO U WANNA GO? WHEREVER U WANT TO TAKE ME UGHHHHH"
Dune (2021),kinda the perfect sci fi movie lowkeyyyy
Sibyl (2019),Adele Exarchopoulos u will always be famous
Josie and the Pussycats (2001),maybe im not gay enough idk yall this was ok
A Summer's Tale (1996),"movie equivalent of a Jane Austen novel to me, love is so frivolous in this, relationships and connections are full of folly that perfectly matches the picturesque french beaches and countryside, it kinda gave me like a more chilled out Malick-esque vibe and i loved thattt so muchhh, the swaying of trees, the pacing of Gaspard, the walks full of lovesickness and complaining and listlessness, like this movie is soooo unserious but in the bestest wayyy, the script is sooo strong i was never bored and its a somewhat longish movie for the content so like lowkey impressive the ending is funny asf, Gaspard is so evil i need him kinda"
Poor Things (2023),lose my mind and start screaming like a goat when Yorgos pulls out that fish eye lens
Anatomy of a Fall (2023),"Triet made this film so dynamic and so engaging putting us in different perspectives from Sandra to Daniel to the public to the courts, the way she plays with perspective was so fun, the script is so good omfggggg, that little boy deserved every award idgaf idk why i heard this being described as dense never really got bored or felt it was slow even tho it has a long runtime"
Strange Way of Life (2023),why was this made lmao
Sorcerer (1977),Everyone lied to me and said this was gonna be exciting and thrill inducing and it was nothing of the sort LMAOOO idk maybe it wasnt the night for this but the firsr half felt 10 hours long and i didnt even care for any of the characters to care enough abt whether they were gonna blow up or not lmao😭😭
Challengers (2024),COME ONNNNNNNNNNNNN
The Starling Girl (2023),Unfortunately i am not immune to pathetically hot youth pastor lewis pullman :(
The Sweet East (2023),""" I'm not gonna tell anyone about your faggot god camp."" The Odyssey by way of Joanna Newsom, kinda mesmerizing in its pointlessness, could watch hours of talia ryder giggling her way thru eccentric characters and settings tbh"
Sanctuary (2022),this is literally a dream scenario to me omfg
Auto Focus (2002),"""Men gotta have fun."" This movie is like if someone tried to replicate a Schrader movie does that make sense lmao it has his usual themes and ethos but idk it never elevates itself into something better than whats shown idk how to explain and the third act gets sooo Lifetime lmao, performances are all great, score by angelo badalamenti is great, but to me it never rises above surface level hollywood brainrot and sex theme, The Canyons explores this wayy better"
Mishima: A Life in Four Chapters (1985),"""The average age for a man in the Bronze Age was eighteen, in the Roman era, twenty-two. Heaven must have been beautiful then. Today it must look dreadful."" Discovery through self-destruction. Genuinely one of the best screenplays ive ever seen, almost every line had me agape. And then combine that with the most breathtaking score by Glass (reminded me of the leftovers which is one of my fav shows) and the set design which was so wildly inventive and creative at showing Mishima's work. Through his fiction he explores these aspects of himself, his question of existence and purpose, his selfishness, his fascination with beauty and masculinity, his journey from this boy to a full on militant leader. Something abt this obsession with language and word choice and the innate feeling that you need to create and comment on the world is soooo feltttt ughhhh. The words/speech that the movie has been leading up to ultimately flopping and being unheard. A moviee that demands rewatches tbh. Who up questioning the value of their existence rn????"
Storytelling (2001),""" The movie's a hit."" Solondz at his most critical over white surburbia, i love u my king"
No Country for Old Men (2007),josh brolin so fine in this he looks like he works with his hands and smells like malboro reds it makes me so ughh
Near Dark (1987),bar massacre scene was incredible omfg bill paxton being crazy and the mf music that kept playing ughh cool score too
Tangerine (2015),""" Shit floats to the surface."" Donut Time scene is an all timer im sorry this movie is too good so funny and also real asf and the end scene with sindee and alexandra makes me so emo ugh i cant"
Obsession (1976),every movie needs to be set in new orleans methinks
Pickpocket (1959),"Only watched this bc of how much Schrader speaks abt the impact it had on his films and that really shows in this. Has all the usual base Schrader-isms. Lonely men, plot focusing around a job, morality vs reality, ending with a barrier between 2 people. I wish this could have resonated with me emotionally more tho aside from the cool hand stuff which like now you see me 2 totally rips off right? (not really but it's interesting to see the inspo)"
Touch (1997),""" What can god be thinking?"" totally different to anything Schrader has done this is a pure 90's dramedy abt exploitation, divinity, and love. its tone is so easy and i can see why ppl might not like it cuz the content isnt as gripping as it could be but a movie following Skeet Ulrich as a prettier jesus is enough for me to be amused."
All That Jazz (1979),"Fosse ending this movie in this big, intricate showy musical number just to starkly cut to Roy Schneider's cold, pale dead body getting zipped up in a bodybag fuck that final shot hits u like a bullet fuckk. Whole thing is so vulnerable and raw from Fosse, ripping apart his life and innards like we see the metal machine do to Joe in surgery. Joe/Fosse being this person who puts the show first, who works for the knife, who would rather die than be ordinary even when the time is coming he imagines his life and actions in musical numbers. The first half just being like kinda musical comedy but obviously some dramatic aspects to go to the second half which is suddenly so real and raw and just deeply sad like this man is literally dying infront of our eyes and hes not doing anything abt it like wowww i feel sick"
The Voyeurs (2021),this shit is so crazy yall pls😭😭😭😭😭
Aliens (1986),Was no one gonna tell me this is one of the best movies ever made??? OBVIOUSLY I KNEW PPL PREFERRED IT TO ALIEN WHICH ALREADY IS LIKE AN ALL TIMER but oh my god this movie is incredible from start to finish perfect sci fi perfect horror perfect action ripley was already an icon but this movie cements her status as all timer character in my head the way Cameron's camera moves and flows and runs thru the ships and the wreckages the way that he plays with sound and silence and suspense and tensionnn the whole sequence of them first exploring the wreckage is sooo good and then it just builds into rampage UGHHH the romance-ish between ripley and hicks that literally never goes anywhere but its strong and natural and sooo good the added weight of newt and ripley protecting not just herself but a child THE CHEMISTRY BETWEEN ALL THE MARINES AND THE STRENGTH OF THE SUPPORTING CAST UGHHH this movie is perfect!!!!!!!!
Trap (2024),was a slay but they shouldnt have left the concert....
Alien³ (1992),"jumping from aliens to this is such a mindfuck lmao why did Fincher make such a brutalist fucking bleak ass movie lmao like i get whyy but like whyyyyyyyy its never idk exciting its just kinda sad and orange and beige and so doomful ripley is so doomed in this one i appreciate a diff take but for me it didnt work and then add in the mf horrible looking digital alien, wonky editing that made action scenes hard to follow, characters i never cared about, and immediately starting with those kills the way it did lmao alien 3 ur not for me😭"
Alien Resurrection (1997),"Really isnt as bad as everyone says it is lmao with a not joss whedon script and some better looking aliens this could be peak. Really cool shots here and there with fun action sequences this to me stylistically feels like a slasher like a run away from the killer fun escape the spaceship movie like i enjoyed that whole middle section, i also really like the commentary or ig metaphor on the judgement/experimentation/negative connotation of the female body like the two leads who are both women are the only people who are innately,internally different or wrong in their bodies idk i found that interesting. This is sooooo 90's tho the gore is kinda crazy but overall idk this has the bones of a good movie and i didnt hate it. Also maybe sigourney's best performance in these movies? maybe!"
Prometheus (2012),Feelings on this one are kinda weird idk with alien and aliens i feel a strong connection to them but i dont feel anything for this one other than like oh that was interesting LMAO idk its interesting what can i say the themes of spirituality and science and life after death mixed with bodily autonomy its not not interesting but something abt it idk im not like oh i loveeeeed this LMAOO the alien abortion scene rips so fucking hard that scene is so hard ugh
Past Lives (2023),""" You really are just like I remember you."" "" It's true that if you leave you lose things, but you also gain things, too."" Feeling yearnful and regretful and what-if-ful so ofc i had to turn to my favorite torture past lives. These two quotes were the ones that stood out to me this time. Hae Sung saying that to Nora just bc she wants to win a Tony likee these little trivial observations dont make up a person but they feel just as heavy as any other info based on who its coming from, nora isnt just like how he remembers and she is at the same time she's grown shes changed but to each other when they are together they're children again. We're never losing the versions of our old selves they're still inside us. And then even if we did lose parts, we're gaining new experiences and relationships, nora is a person who leaves cuz what else can u be how else are u gonna evolve how else do u gain"
Alien: Covenant (2017),"this movie is so good lmao idek what to say it was great kinda uses bits and pieces of the past movies and obviously builds off of what was ser up in Prometheus but also it does its own original thing and its fucking cool and unforgiving and pessimistic but it works. Its so violent and the action horror sequences are genuinely riveting and terrifying and blood pumping ughhhh loved every alien sequence ALL THE SHIT WITH DAVIDS DEVIOUS ASS and walter, david hating his creators but valuing creation, the scene of him sharing music with the recorder to walter showing him the power of creation in something so simple as music; the movie also looks incredible ans beautiful lmao and like godd its literally such a rampage its pure carnage and it was so fun to watch, loved Daniels too all the Alien leading ladies slay"
Serial Mom (1994),"such a funny good time im actually sad its over i couldve watched 4 more hours of this ugh kathleen turner needs to be in the GOAT conversation idc and matthew lillard my beloved gifted since youth asf, probably Waters' best film but I prefer cecil b. demented slightly more both are hilarious tho this is like a better American Psycho and i like american psycho!"
Sonny (2002),Damn this shit was ass
"Hi, Mom! (1970)","How tf was this made by de palma lmao its nothing like any of his other work (kinda) LMAO obvs u see the seeds of his perverse sleaze staple themes but here it's presented more comedically with like a perfomance from De Niro thats like nothing else ive seen him in so far lmao its also political as hell on the pulse of several fucking political issues in the 70's and its also dynamic asf in the way it presents it story diff cameras, editing is fun and funky, the music, the play that they perform lmao what an interesting movie to come from De Palma"
Beetlejuice Beetlejuice (2024),Winona is a star i love u winona DONT GET ME STARTED ON MONICA BELLUCI I LOVE U MONICA
Beetlejuice (1988),havent seen since i was baby but like ugh the practical effecrs the cool ass stop motion the fun lights and set desgn the dark comedy GEENA AND WINONA idk how the sequel will ever compare
Wild at Heart (1990),"Kinda between a 4.5 to 5 but fuck it its a 5, this is an incredibly romantic movie, nicholas cage singing love me tender to laura dern after professing his love to her on top of their convertible after jump in from car to car to find her like this is what movies are made for! Lula's whole arc being naive, restrained by her murderous mother, blinded by love and slowly realizing the violence of the world and how cruel and wild at heart and weird on top people can be, its great stuff really. Will be eternally obsessed with Lynch's america, the orange deserts, the endless night roads, the dance clubs, the cars, the blondes, something dark and cruel under every under belly of every story of his i love that. Something is always brewing, the yellow brick road isnt quite right, the wizard isnt real. Ofc loved all the wizard of oz stuff in this, amazing performances by Dern and Ladd, loved the fucking music and score lmao wicked game scene went crazy, its just such a sensual and romantic movie ugh bring back romance"
One from the Heart (1982),This movie has the most perfect use of a soundstage ever used in film idc i loved the artificial las vegas the excess idc if he went bankrupt making this its soooo worth it bc of how beautiful everything is god this is spectacle and what more can u ask for
The Last Days of Disco (1998),"this movie's dialogue is kinda like if eric rohmer was an annoying white new york transplant, purposefully mundane at times and the characters are so annoying but idk i liked this i liked the stupid gossip liked the stupid claims they made but its also kinda 20 mins too long lmao"
Reality Bites (1994),annoying main character syndrome :( funny that every generation calls the younger one lazy and thinks they dont have any work ethnic these mf gen x'ers said the same abt millennials who are saying the same abt gen z who are saying the same abt gen alpha
The Substance (2024),"Lowkeyyyyyy one of the only movies to deserve the Lynchian title....thr colord HOW BOLD IT IS LMAO THE AUDACITY OF THIS MOVIE LITERALLY THE SHOT OF THR GUY GRABBING MARGARETD BUTT THAT WAS SO GOOD just how it like knowssssss who itd parents of body horror is like it was sooo the fly sooo hellraiser sooo the society soooo mullholland drive-y, I LOVE THE FRENCH"
Nocturnal Animals (2016),ok girl lmao so what now
Saturday Night (2024),idk if it was my theater but the music was so fuckingg loud KWKAKEJKW COULD BARELY HEAR THE DIALOGUE sometimes but isk this was okay i wanted more rachel sennott
Crash (1996),""" Maybe the next one darling, maybe the next one."" Cronenberg's masterpiece. Put it simply its a masterpiece on all fronts. Perfect from its script to its direction to its score to its aesthetic to its acting to its tone. Sensual in a hazy numb way from start to finish. Dreary and existential in the horniest way possible. Just pure human loneliness and connection, the innate urge to feel the same as others have felt before u. The movie equivalent of going on a spiral on reddit to see if anyone else is feeling ur symptoms and finding that someone has, but with a psychosexual metal vehicular twist. The reshaping of the human body with modern technology as Vaughnn says how modern technology creates new fears, wants, desires in us all. New intimate feelings created solely from technology. Cars are inherently sexual. The roar of an engine, the angles and curves in chrome, the possibility and freedom and liberation of a car is sexy and sensual and ughh theres a restrictiveness to a car. The tug of a seatbelt, the lull of traffic, that when all that is released it feels like a climax. The way the car breathes after a crash, the steam that rises, the stillness of the moment, a metallic explosion of energy its hot stuff idk! The repetitive nature of the movie eats, controlling the unpredictability of life and death thru car crashes and release and feeling a sort of power thru these acts. Looking for different ways to plug the hole of want u feel. movie is too good and flew by on this rewatch i could have watches like 2 more hours of this."
Light Sleeper (1992),"There is something so pure about Schrader ending a lot of his movies in the same Pickpocket-esque way. After his main characters have taken control of their respective circumstances, they are given the reward of connection. Of a relationship that knows no bounds, of pure unadulterated love. Idk why that is something that just clicks with me this is my 11th schrader movie and i love everything this man touches more and more. This movie ugh. Taking control of your destiny. Life has washed over John Letour, he feels like his luck is running out, his time in this world is coming to a close unceremoniously. Hes tried religion, hes tried spirituality, its time for action its time for now. "" Everything you need is around you. The only danger is inside you."" I think something else that sticks with me with Schrader's films so much is that his characters are just ppl striving to be good people. Like genuinely trying their hardest to repent or love or control their destiny or circumstances whilst also acting morally correct and being good to those around them like uhhhhhhhh idek why i love his work, something abt his writing just clicks inside of me, intrinsically deep in my gut it just hits home"
Wimbledon (2004),Has no business being as stylized as it is lmao like fr wiakwjqkwj kirsten dunst forever the best actress in the game my girl is so natural always ummmm lowkey very attracted to lanky white guys without eyebrows so this was a good watch for me
Psycho (1960),I mean cmon bro its iconic for a reason lmaooo suspenseful from start to finish anthony perkins' performance is incredible the score is amazing ITS TOO GOOD
Psycho II (1983),how can one watch this and not love it dude its so interesting its so different idk this couldve been like bad in that 80's horror movie kinda boring way but it wasnt at all. The house and the past is always menacing and large and looming over Norman. The Loomis women and what they do to Norman. Mary aa a character idk Mary was so interesting like so caring and smart and like idk lying asf LMAO and like IDK I LIKED HER A LOT LMAO her dynamic with norman was sweet. Feel like this movie builds amd builds until like those really cool last 20 minutes with Mary and Norman and everything else. Thought the mystery was actually quite intriguing and the twist actually got me LMAO ngl it did. Cool ass camera movement too at times.
Bride of Chucky (1998),exceptional
Freeway (1996),white trash odyssey omfg kinda meanders a bit in the middle but i still lived for this
The Last Showgirl (2024),"Obsessed with the way Gia Coppola shoots Vegas its so appreciative of the city and shows her fascination and adoration of the city that she mentioned in the q&a but also shows the decay of it. The dslow extinction of a city past its prime that is constantly getting upgrades that lose the essence of the cities initial sparkle. And that perfectly mirrors Shelly who Pamela Anderson played to literal perfection. Kinda cray how the character mirrors pamela's actual life and she played her with such an empathetic nuance it was so great. Loved the intimacy of the film, loved the fairtytale-esque music and hazingness and wistfulness of it. Loved the dancing, this was great!"
Dick (1999),funny asf and just what i needed to distract myself from election results lmao we are in danger girl😭😭
The 400 Blows (1959),"ik this is revered or whatever but this was kinda very good lmao impactful asf coming of age story on the systems put in place to diminish children and to put them down to conformity and the punishment to those who don't conform, and Antoine literally isn't even a bad kid he tries to please his parents, to get good grades, to change his ways but it's almost like the authority figures around him change the rules of the game whenever he tries so what other option does he have other than to run eternally away"
Gummo (1997),"This is kinda white trash Days of Heaven Malick-esque nonsense but im kinda obsessed with it, its way too short imo im kinda sad its already over and this movie barely has a plot but idk i loved the examination of a city and its rundown citizens and settings and its just a unique corner of america that hasnt been depicted this grungy this nasty yet like fr this movie is fucking nasty but its real and has pockets of like emotion that is endearing - tummler talking abt his brother, tummler asking about his mother, the stuff with the grandma near the end, chloe sevignys character and her sister. Like there's a good sense of community between the respective characters, like they know they live in squalor but in spite of that they are content bc of their connections. And really what i took away from it was the drive for connection and community kinda. The way Korine shot ""Xenia"" was absolutely beautiful obsessed with how his camera just lingers about. Solomon's actor was amazing too. Im kinda really sad that this is such a short movie bc idk i liked it a lot😭"
On the Rocks (2020),"Such an aggressively okay movie, kinda has like a 15% essence of sofia in there but overall this just feels like a straight to hulu ass movie"
Blitz (2024),"the most average movie of the year, nothing is really bad but nothing ever elevates itself to be any more than just okay and what was even the point of Dickinson's character lmao kinda shocked at how just meh this is and the ending is sooo stale like it builds to it and then it just simmers away instead of having this like big ending lmao"
They All Laughed (1981),"Very great! Very fun! Very funny! It flies by dude I couldn't believe i only had 20 mins left when i checked the time i was just having a great time with this. Its also kinda so crazy how like sexual this is for an 80's comedy idk didnt expect fhat part but yeah was funny asf, Bogdonavich lowkey king"
Tiny Furniture (2010),"Really liked this guys what can i say, i never wanted this to end and im sad it did. Girls is one of my favorite shows and i love movies about emotionally immature and stunted ppl trying to make it thru life and i like how in this she slowly tries to have some emotional maturity but she still half asses until the final moments but yknow what its real asf like shes just lost and looking for some form of connection and stability"
Stand by Me (1986),Movies good asf whos shocked but um why was river phoenix one of the best to ever do it even at 12 years old😭rip my king
Cameraperson (2016),"Wowowow im not a documentary person at all, frankly ive never even voluntarily put one on even tho ive always been intrigued but what a way to dive into my documentary foray. This film was brilliant idk how to describe it other than it just being brilliant. It's presented in this vignettes collected throughout Johnson's career so each clip is a tiny, ephemeral punch of emotion and beauty and natural and reality and all together its just so stunningly impactful. Some of vignettes are taken from her work on survivors of wars and massacres and the locations these events took place but they arent filmed with this sense of vouyerism, but rather just feel so human. Theres no false sense of heaviness that filmmakers attempt to add to their sets, but rather it just is what it is. A swimming pool used for executions is just a swimming pool, a mountain thats a mass grave site is one of the most beautiful things in the film, the theme park in afghanistan, the farms of post war bosnia, its just all filmed with so much care. Johnson just knows the power of subtlety and holding back and knows how to build emotion with how she placed these clips. It has a hypnotism to it, its so real, cried twice but also im feeling more hopeful to be alive than ever feeling so incredibly human. The abortion clinic one, the post match boxing, the nigerian hospital, the soldier refusing to get deployed again, Johnson's own mother and her struggle with alzheimers god it was all great, love love loved this"
Out of the Blue (1980),that neil young song will be obsessively replayed for the next 3 days i can see it now
A Snake of June (2002),love a movie abt repressed desire omfg
Anora (2024),"Wow ending still hits like a truck even on the second watch ugh mikeys face of like raw vulnerability like but in a shameful kind of embarrassed way is so crazy and then when she breaks down its like ughhh its like fuckk she just wants one moment to exhale and not constantly work and thats one thing that stuck out to me in the beginning - how tiring Anora's job looks. Like the constant switch up of persona, the loud club, the physical aspect of it like and thats something thats also in Tangerine and The Florida Project but its like this sense of nonstop hustle in his main characters. Hustle and grind usually a positive factor generally when it comes to work ethic but when its sex work Anora gets defined as just a hooker or a whore. Was curious to see if it still holds up comedically when im not in a packed theater with my friends and im glad to report it does! Funny asf all around! Love this movie!"
Triangle of Sadness (2022),"was not expecting to have a 5 star watch 3 days into the year when it took me like 5 months in 2024 but yeah this was excellent. Exceeded every expectation i could have had for it, i loved each part starting from the excellent dialogue and performances from Dickinson and Dean in the first, to the chaotic wretchedness of the yacht stuff, to the survivalist island Dolly De Leon de facto leader part 3 and that ending bro that ending is so sick with that amazing fred again song to cap it off like this movie was just great. Its just such a good example of controlled chaos to me. Has like the perfect amount of satire and idk dude i never got bored even tho its like a relatively longer movie and i didnt really want it to end i was really enjoying the shipwreck bit. I think its saying the most in terms of gender politics than class but the class stuff was great, the last line from Dean turning from a sweet offering of aid and community into just another way to be subservient in the outside world was so good. De Leon's character immediately shedding her yacht role, Paula still holding on to it tight. Harris Dickinson, I have grown quite fond of u I cannot lie, he was amazing. Rip to Charlbi Dean, such a travesty to lose this magnetic actress so young."
Femme (2021),hello WHY WASNT THE MOVIE MORE LIKE THIS SHORT FILM LMAO THIS SHORT LITERALLY FULFILLS the revenge aspect that the full length film desperately needed lmao im surprised it went there but happy it did
Nosferatu the Vampyre (1979),DONT watch this when ur tired asf omg guys i almost fell asleep 3 times and only bc scenes are so quiet and so long and so many nature shots and natural sounds like woww but um isabelle adjani's eyes are crazy and i liked how this explored the loneliness of the vampire.
River's Edge (1986),has a weird hypnotic energy to it with a fucking very committed Crispin Glover performance but by the end of the film everything kinda feels half baked and meaningless tbh
Red Rooms (2023),"first things first, im gonna need everyone to stop using hyperbole's because when u describe a movie as evil and unsettling and crazy and fucked up IM GONNA EXPECT SOME CRAZY CONTENT IDK WHAT BUT IM GONNA EXPECT TO BE GAGGED and i was only slightly shocked. I wouldnt ever say i was unnerved, but its definitely a highly engrossing movie with like exceptional directing and acting, love the critique on true crime and the horror that lies on the net what other movie explores the darkness of the internet like this tbh"
Nickel Boys (2024),"To me, this is the prime example of how to do an adaptation of a novel to a film. Keeps the main plot points of the book but captures the essence of of the novel in such a unique way its kinda crazy what Ramell Ross pulled off here. The first person-ness of it is so immersive AND the sound of this thing is incredible like every rustle every chirp every shuffle like ughhhh and the chemistry between Turner and Elwood's actors was so good, liked this a lot 😺"
Sing Sing (2023),its actually ridiculous that Clarence Macklin isnt a locked win for supporting actor he was literally the best part of the movie for me
A Different Man (2024),me when i think ppl dont like me cuz im gay and they're homophobic but no its just cuz im annoying😭😭😭😭😭bro the extent of Edwards insecurity and jealousy was real asf and SEBASTIAN STAN I DIDNT KNOW U HAD THAT IN U best male perfomance of 2024 tbhhhhh um yeah this was crazy i love how Oswald just comes into the movie and doms it with his charisma and it flew by so fast. Horrible way to describe this but it had a great vibe! Great distinct dark comedy drama vibe. I liked!
Invasion of the Body Snatchers (1956),""" Can't you see? They're after you! They're after all of us! Our wives, our children, everyone! They're here already! You're next!"" Tension filled from start to finish its jusr a great classic horror movie like oh my god its really so good. LAST SCENE ON THE HIGHWAY SO MAJOR, FIRST BODY ON THE TABLE MAJOR, BIRTHING PLANT SCENE MAJOR."
The Brutalist (2024),""" It is the destination - not the journey ."" Is the creation of art worth the plight it comes with? Was the suffering, the anxiety, the pain worth it by the end. I think the ""twist"" that Lazlo's passion for this project was a ruse of sorts to create his own personal monument for his story and for his wife and niece was quite nice and endearing. It makes me think of Corbet crafting this moster of a movie, does rhe creation of art take everything from him, yet does he know in the end his stories are a tribute to his family like Lazlo's art was? (and since we saw his daughter on stage with him i wanna say yes) what really on the surface seems to be a story about obsession, the struggling artist reveals itself to be a impassioned piece on family and love and legacy and showcasing that thru art. I find this quite beautiful tbh i kinda loved this movie. The Brutalist 's length has been talked about, but to me this felt amazingly paced and lowkey flew by. Did not feel at all lole 3 hours and 30 minutes and the use of the intermission was excellent. Incredible, INCREDIBLE performance by Adrien Brody. Loved Guy Pearce, Felicity Jones, Raffey Cassidy, Joe Alwyn. It looks stunning like absolutely stunning. Score is incredible the way it crescnedos in the beginning with the Statue of Liberty. Idk JUST LIKE THE JOURNEY CORBET took us on like god dude i wanna rewatch it again. Will come back with more thoughts maybe i love reading others analysis on it!"
Emilia Pérez (2024),a movie this eclectic shouldnt get so fucking boring halfway😭😭😭
Caché (2005),"I think the way it touched upon paranoia, the lasting effects of lies, the insanely inflated ego of white men is interesting but idk main character was actually insufferable and like Lost Highway did the person recording someones house schtick better. Dont really think it ever had me anxious, didnt really find it tense, feel like they underutilized Binoche tbh, um idk im a little sad i thot i was gonna be in love with this."
Matthias & Maxime (2019),love a DL love story
Mississippi Masala (1991),sarita and denzel shouldve just been in every scene cuz movie is like 10 times less interesting in any scene without them like wtfff
3 Women (1977),"hello this was like way weirder than i thot it was gonna be lmao what i was expecting a straightforward drama not this like 70s Persona- esque study on these 2 women plus Willie. Spacek and Duvall are acting on another level here god loved Shelley Duvalls desperate charisma, loved Sissy Spacek's weird ass off putting demeanor and then how easily she switchss up to be more like Millie in the second half. Love how they become this fucked up version of a nuclear familg near the end cuz that seems like something they've all wanted but never got. Millie leading the household and designating orders and chores, Pinky being the daughter whos told what to do by an active parent, Willie having children of her own. Duvalls frozen expression after Willies birth scene is literally so haunting and crazy like that got me good. The surrealism really gagged me i cant lie i was not expecting that umm first Altman and it was great cant wait to see more"
I'm Still Here (2024),Most aggressively okay dramatic movie loke yeah its alright idk what to say like it is what it is😭😭😭😭solid movie solid performances nothing totally oustanding or gaggy um one of the daughters deadass looking like a brazilian sofia coppola had me ctfu
Maps to the Stars (2014),"just found out 2 seconds ago that this wasnt a Bret Easton Ellis script um hello that was my whole basis for wanting to watch this but yeah i love shit like this lmao like kinda ugly looking, vapid movies with wooden acting abt the hollywood and celebrity machine of the 2000's and 2010's im obsessed with it and so are these characters bro constantly name dropping at any chance they get ugh, feel like if bret penned this it wouldve had more structure anf thats ultimately why i didnt love love it but still a cool time. We failed Mia Wasikowska as a society and we need her back desperately. Julianne Moore the actress u are!"
The Rules of Attraction (2002),Yeah i love this movie lmao I LOVE BRET EASTON ELLIS one of my favorite writers love his deplorable main characters love the way it juat ends sean bateman is horrible and im obsessed with him love demon twink ian somerhalder love the hangout nature of it I JUST LOVE THIS MOVIE I NEED MORE LIKE THIS
Love and Other Disasters (2006),"its honestly not that bad until like the last 10 mins and then i lost interest for everything um whiplash fucking pacing every scene but gay matthew rhys was all i needed hes literally me in this and BRITTANY MURPHY GONE TOO SOON phenomenal, magnetic actress"
Bridget Jones: Mad About the Boy (2025),"didnt know how badly i needed chiwetel ejiofor hold up........pleasantly surprised that this was good, great even, the best one since the original"
Stranger by the Lake (2013),"the most unslezy erotic thriller ive seen but in a very positive way like this was absolutely great. Its basically a one location set film, absolutely dripping in lust and heat, an extremely sensual film in the whole definition of the word the sounds of the water captivate and hypnotize, the winds rustling the trees of the cruising woods that muffle the moans, like this was great man. Lead actor is great portrayed that feeling of destructive lust in the best way, the other lead guy was hot asf too! It feels like darkly comedic at times its quite-ness and serene-ness of the lake setting just adds so much to the tension of the overall movie and then the more ""suspenseful"" scenes are just way more impactful bc of it. A horny, taut, great movie ahh i love erotic thrillers!"
A Complete Unknown (2024),youve recently charmed me timothee chalamet but bob dylan seems quite insufferable actually like such a little bitch no shade😭😭😭joan baez my beloved tho love u
Dogville (2003),"I think it's depicting the exertion of power and authority in communities in a kinda horrifying manner like seriously what the community does to Grace is horrifying and they all act so righteous and morally superior while doing it, hive mind, greed, manipulation and the american machine and all that but lowkey idk something feels kind of surface level if im being totally honest. Ending was fun tho, this is definitely one of Nicole Kidman's best performances love her eternally, movie didnt feel too long surprisingly loved that but idk didnt expect this to be so blunt ig lowkey feels nothingburger somewhat"
"Oh, Canada (2024)","Hm im having a toughie with this one. Right when it ended i thought after having seen 11 Schrader movies prior, Oh Canada was probably the weakest and connected the least emotionally with me so far, but after more dissection and reading others thoughts its also kind of idk making me very emo rn. A man revered as this legendary artist reckoning with the change of generation and culture who is viewing his work thru different lenses and speaking about both his work and him as a person and how he feels about this as he nears the last few decades of his life. Reflecting in his past perceptions vs what is actually reality, how he used fiction to blur some aspects of himself in a sense, how he feels he stumbled into his success maybe. All this goes for both Gere's character and Schrader somewhat. Schrader's work often revolves around a man trying to keep his faith and selfness but feeling guilty and distressed in a changing culture and this lines up but wow. More than anything i think this movie desperately needs a longer runtime. Like 2 hours longer tbh. Theres lot of themes and ideas here, lots of playing with reality and fiction and meta personal stuff that this 90 sumn min runtime couldnt all hold in imo. Gere was great, Elordi great, something abt Thurman's characterization was odd."
The Last Picture Show (1971),"One of the best coming of age movies ever holy shit. Everyone in Anarene just desperately searching for connection and a good time. Had Texas ever looked colder? Like god just pure aloneness and internal isolation, doing anything to feel a connection with anything. Scene where Jacey strips infront of the richer pool kids is so good so quiet so interesting, scene at the end with Cloris Leachman's haunting sorrowful eyes, everyone is just so disillusioned the whole time god. Leachman's performance is actually crazy we see so many layers to Ruth her meek first scene, her excitement and giddynesd at new connection, peter Bogdonavich may be my new king"
Strange Darling (2023),kyle gallner........#needthat
Beyond the Valley of the Dolls (1970),"Songs were tooooooo good, the random slasher twist at the end sent me"
Shampoo (1975),Ngl didnt expect to be as bored as i was like it never seems to go anywhere somehow LMAO great cast tho but i just kinda was wishing i was watching The Pitt the whole time instead
Spring Breakers (2012),"Giys wow this was a rewatch in IMAX and its actually the most perfect movie everade. Like wow. I feel like i just had a spiritual moment and im not even playing like wowwww this is the THE perfect coming of age film from the 2010's a perfect 2010's time capsule. That 2010's american dream where you deserve a good time, its ur right to have a good time. Its a hedonistic daydream, its mesmerizing in its gaudiness, its an attack on the senses and a litmus test on tolerance how much vanessa hudgens cackles can u take, how many spring breakers foreverrrrrs can u handle. It just makes vacation and sunlight look so nauseating like ITS JUST SO GOOD. Its so florida its so nostalgic like god guys this is so good. Literally maniacal smile on my face rn. Guys im so happy rn SPRING BREAK FOREVERRRR"
The First Omen (2024),Every horror requel prequel sequel remake reboot should be as stylized as this one bro omfg
Titane (2021),Its jsut so good omfg I LOVE THIS MOVIE I LOVE JULIA DUCOURNAU
"Three Billboards Outside Ebbing, Missouri (2017)","violence, retribution, and all that jazz. I hate the tone of this LMAO and i dont think McDonagh did a good job of mixing dark comedy with *checks notes* rape and police brutality um but yeah felt more shitty melodrama than dark comedy at times, her black friend is so secondary to her needs wdym she went to jail for her and we dont get a single compelling scene of their relationship prior or after. I miss seeing caleb landry jones whered he go💔 movie is carried my McDormand but whats new"
Orlando (1992),More lyircal than i thought it was gonna be ans the last 40 minutes are so strong i wish the first half had more of that but i get they had to set up the character and Orlando's anxieties and such. Loved the exploration on gender what makes a woman what makes a man. Hedge scene is pure magic.
Austin Powers: International Man of Mystery (1997),this was shagadelic baby!
Warfare (2025),"my showing of this movie ending with people clapping and a lady saying outloud thank u for ur service to the screen um but u guys wanna say this shouldnt be read as propaganda LMAOOO like i agree i dont think its made with that intent but then......the ending with the real life man comes and its soooooooooooo ... something so off abt showing real life pictures next to the actors who portrayed them but then some of the real life mens faces are blurred out. Actually like a majority of them are blurred out. Idk my audience hooting and hollering really soured my opinion on this movie tbh. It's kinda a whole lotta nothing lowkey, i thought at least id be like on the edge of my seat but the ending happened and ** *** **** and i was like um okay? What was that for? LMAO people are wonderig who is this for and for Mendoza and Garland it seems to be like it was for them solely but like idk the clapping from the crowd at my showing directly after the epilogue bit how can one not read this as war porn-y LMAO show of force and all that , show of force so excessive the shootout scenes are framed entirely just of a young attractive man shooting a gun repeatedly....spooky.... honestly tho the movie is kinda like critical of the war but then that ending just like wipes all that away for me and it just ends up being a thank u for ur service ass movie"
On Swift Horses (2024),hmm talk about a whole lotta nothing!
The Cell (2000),"god something abt Tarsem Singh's work that right when i finish his films i immediately wanna rewatch them lmao could it be the visual feast for the eyes or the engrossing stories that play with reality and dreams or whatt idk man but fuck this was great. Super fun sci fic neo noir type beat it was thrilling it was cool as shit it aas just great idk Singh is great at this. JLO was great, her character was great, the costumes were just like insaneeeeee, score is great. God idk i loved this such a great genre bending thriller"
Don't Torture a Duckling (1972),"This was great! My only knowledge of giallos prior to this was Suspiria and as far as i knew i thought they were supposed to be these sleazy detective murdery mystery type things and this was like way more straightforward and less sleazy than i thought it was gonna be. Like all the red herrings and twist and the detective aspects/the search were all great. Such a frenetic energy to the search, a frantic hunt for a killer so the puritanical catholic village can find someone to blame. I thought the ending was great idk i kinda loved this but definitely not what i was expecting tbh."
Sinners (2025),that evolution of music scene was so crazy i felt like i was floating that was crazy
Licorice Pizza (2021),"An interesting movie that i liked more on rewatch but that ending is still so weak to me i dont understand why it has to be ambiguous cuz i think that just creates unnecessary discourse and distracts from what i think is the meat of the film and where it shines and thats in alana's coming of age story told throughout. Its less about romance, less about Gary, and moreso about Alana, it's like if Frances Ha took place in the 70's and i think that part of it is so great. Most of that is to blame on Alana Haim who just plays Alana perfectly i mean what a debut and idk everything Alana does is just steeped in confusion and lostness. Pure mid 20's directionless behavior where u are just so sad and lost and confused as to why everyone seems to be exceeding and has careers and partners and ur not and feel stuck or maybe im just projecting myself onto Alana lmao. I thought all of that was great, Alana is a pathetic character but yknow what at least shes trying! Let's pretend the ending didnt happen and she didnt slip back into her cycle of ineptitude with a charismatic minor who is also just lost and trying to get attention from whoever he can😭😭😭😭 *as im writing this it kinda makes me like the movie more? idk i just really liked Alana weirdly idk for rn its lowkey a 4.5 even tho i dislike the ending and wish it wasnt ambiguous or like idek just not what it was"
Manhunter (1986),Was tuned in until i lost somewhat interest halfway when it focused onnnnn mf the killer and the blind girl stuff sorry wjajw it broke the pace for me
Cure (1997),"those hypnosis scenes were so major and i loved how each one showed more of how exactly Mamiya seduces and entraps love how they use space in this movie ugh the concept of Mamiya ""curing"" them of their violent desires by letting them act upon it without conscience in the way💆‍♀️"
Demonlover (2002),"I still think the last act of this could use some work especially after how great the first and second acts are but i think thats kinda part of the point? We crave the tension to ramp up and get fucked up and violent but then the film pivots and gets more experimental with its format until it ultimately points a mirror at us in a way like we are as desensitized as the kid casually doing science homework with torture porn in the back. the fact that hes doing biology homework and thats the last thing we see, the desire of violence is innate, fetish and kink gone to the extreme bc of the easy accessibility of porn and how that leads to wanting more lucrative types of content, is it technologys fault or our fault?"
Cherry Falls (2000),"i love brittany murphy, i love slashers, i love 2000's trash, i was always gonna love this im afraid"
The Living End (1992),I love hot toxic yaoi media but like ugh second movie in a row where for some reason it side tracks from the more interesting main storyline to give a minor character scenes that they dont need and that break the pacing!!!!!! tired of this!
Cemetery Man (1994),"This is so weird wiajwjwjwjjw i loved it weird in a it just does what it wants and also just does it with visually cool shit love the kissing in the moons, love the spins, love the random Mishima inspo, love the tone, love how its comedic and then also like weirdly philosophical asf like wjwjwjwjw lmao its really so random and funny and hot and odd, u throw a Magritte kiss reference at me and im gonna go crazy"
Opera (1987),"this movie is so peak bro wow the power of cinema fr wowwwwwwwwwwww wow the fucking opera scoring most of the horrific and tension filled scenes BRILLIANT the opera house setting is so grand and gothic and gaudy and the way THE CAMERA GLIDES AROUND IT SO LANGUIDLY AND FLIES AND FOLLOWS AND STALKS loved that, LOVED THE fuckinggg house invasion scene so horrific, each attack scene was crazy, wowwwwwww im gagged"
Splendor (1999),this is the dream life i was promised wow wow wow
Final Destination Bloodlines (2025),"Guysssss now THIS is how u do a legacy sequel bro adding on to the series' lore with a new twist and fun changes WHILST ALSO honoring the movies before it in fun, referential ways THAT ARENT COMPLETELY ON THE NOSE OR ANNOYING (cough cough Alien: Romulus) wowwwww wowww so fucking funny and gruesome and SUSPENSEFUL MY STOMACH WAS IN KNOTS EACH TIME A SEQUENCE WOULD START. This fucking opening premonition was tooooo good, the characters were all fun and not annoying like they can be (cough cough FD4) a maniacal smile on my face as i write woww guys wowww wowwww"
The Beguiled (1971),"good breeding, etiquette, hypocrisy rule supreme in The Beguiled, even when martha and the schoolgirls are killing someone they do it with southern charm, their heads bent down, always the polite, obedient girls they are taught to be. Eastwood, Page, and the actress who plays Edwina all go crazy in this fuck. Eastwood's seducer full of charm, sweaty, hunky, the pinnacle of yankee sensualness to these mf confederate girls who are filled with isolation and repression. This is better than Coppola's to me, it's more hypnotic and hazy in its atmosphere which adds to the sensualness of its story, i think Coppola succeeds better at the ending tho like this one sorr of just happens rather quickly, Coppola omitting Hallie also doesnt help. Really underrated and way more sexual than i would've thought i mean incest backstory and a 1970's threesome is in this like hello what the fuck😭😭😭"
The Code (2024),gen alpha amy dunne
Antoine and Colette (1962),the friendzone is crazyy but somewhat happy Antoine got a pseudo family unit in the process
Leave the World Behind (2023),"We Live In A Society ass movie girl bye, myha'la greatest actress on earth tho"
Drop Dead Gorgeous (1999),"brittany murphy defending her title of greatest actress ever, kirsten's crown shook a little"
Remember My Name (1978),"Its like pretty good for the first hour but then just likke halts has an airy, mystifying quality to it that turns more lethargic in the second half to whwre like i kinda lost interest but Chaplin and Perkins were great ily anthony perkins"
The Phoenician Scheme (2025),"I dont think wes anderson is for me tbhhhhhhh idkkkk lowkey was abt to snooze away, loqkey the guy next to me was scaring me, like so much was happening in my head like i cant die to a michael cera movie bro LMAO i like the family dynamic tho and i like her line at the end abt when she prays she doesnt know who shes talking to. My main criticism of Anderson is that each time i watch a film of his idk i just leave with like a feeling of them being so hollow like lacking any emotion strength or connection but this had some, a teeny bit. I prefer Asteroid City."
May (2002),""" Words cant describe....but i dont have to talk to you do i? I can just feel and youll feel it right here too."" how fake freak hoes act when a real freak hoe comes at them. i love angela bettis and i love a giallo flare."
The Thing Called Love (1993),"bleeds into boring territory, first Bogdonavich flop. i love river phoenix💔💔💔"
"Synecdoche, New York (2008)","this, Soul, and Melancholia are part of a trilogy of films i avoid and pretend dont exist even tho i should watch them bc i was scared they would crazh me into some sort of existential psychosis but lowkey all this sent me into was sleep JKJK but i did drift off for a couple seconds in the third act. My baddd for starting an abstract-y film at 12 am when in running off 5 hours of sleep! Whoops! But yeah idk the structure of this is kinda exhausting which prolly was the point but nonetheless! PSH phenomenal performer as always, supporting cast of women ALL GREAT. KEENER ATE, MORTON, WILLIAMS, DAVIS! loved all 4. couldve been better for me. need to conquer my Soul phobia."
F1 (2025),"its no speed racer ill tell u that much ummm no jkjk it was good ig idk kinda paint by numbers plotline and story arcs and the racing scenes while they are the best parts of the film couldve been enhanced with some better editing or a fun techno-y score, Challengers but with race cars is lowkey what i wanted, homoeroticism included of course"
Moneyball (2011),Couldve given PSH more to work with but overalllllll solid watch
Out of Sight (1998),Why focus on a mid ass heist plot that is lowkey convoluted as fuck and not the insane hot chemistry between JLO and Clooney that could make up every minute of the runtime bro what a fumbleeeee
Sometimes I Think About Dying (2023),"Could have had more meat near its ending, the final scene is already emotional but couldve have more power if it was longer but ugh yeah didnt expect to love this, im quite touched actually. I loved the slowness and introspectiveness of it um the score is insanely beautiful like its actually not okay how beautiful that score is"
Jurassic World Rebirth (2025),jonathan bailey is so hot im nauseous yall or maybe its from the shitty 3D glasses bro idek
Superman (2025),i want to rub nicholas hault's bald head so bad
The Daytrippers (1996),Wish the ending wasn't so curt but this was literally so fuckinng good guys oh my god im gaged this is like little miss sunshine before little miss sunshine I LOVE A DRAMEDY I LOVE A DYSFUNCTIONAL FAMILY I LOVE PARKER POSEY I LOVE CAR SHOTS AND MOVEMENT I LOVE JAZZY NEW YORK. Loved this.
I Know What You Did Last Summer (2025),""" Nostalgia's overrated."" A hilarious soundbite coming from the film that breaks its own tension to include a sarah michelle gellar dream sequence cameo. I did like the brandy cameo tho cant lie. Cast is all great, loved chase, loved sarah, jonah pls call me. But yeah this film feels like its just farming Certified Slasher Moments left and right. Scenes start and immediately feel like showroom scenes like no time for tension to breathe, no time for shit to happen it just jumps into some pretty mid chase scenes. Both of the final killer reveals are so dumb, I DO APPRECIATE THE RISK of making the legacy character the killer HOWEVER i do not think julie james and ray are iconic enough for the weight of that to have impact. My praise for that decision ended immediately tho when somehow danica is alive and also stevie hahaha cuz lets farm for a sequel yall right? Some plot shit is stupid like how was there already an article written abt the identity of the murderers when they just found out, why would they leave a crowd to go on a secluded boat, um yeah very disappointed😭 Just remembered something else i didnt like. The original films like emotional weight comes from the sense of guilt and shame the characters have over what they did, that sense of guilt and damnation is just not felt here bc THEY DONT RUN SOMEONE OVER, they dont do anything to anyone, oh my god he swerved to the side of the road that is not a crime that teddy was standing in the middle of the road😭😭what crime was committed pls they literally tried to save him too like pleaseeeee the original had them run that mfer over and push him off a cliff like wjawjjjwj good god that sense of guilt is what sets the first movie apart to me its such a shame that was missed here"
Eddington (2025),"Dont know if im being harsh but any higher score feels disingenuous LOL frankly i just found this to be so annoying and boring oh my god, i think the main consensus about how Aster is satirizing American culture in the 20's isnt really that strong when the characters personifying the performative activism of america is literally teenagers. Like yes they are somewhat faking their outrage but like its teenagers overdoing their social conscious-ness vs full grown adults willfully being ignorant. Even when brian goes down the alt right pipeline hes still like one example out of how many protesters? I just idk ig theres my problem with it like if most of the audience is coming out with the ""both sides bad"" line of thought its like well yess but like one is being personified by teens here LMAO aside from that i just think it unnecessarily ramps up yknow like gets intense just for intensity sake, honestly lost so much interest the last lil shootout didnt even matter all dat much to me aside from cool technical aspectz of it"
"Sorry, Baby (2025)",cinema misses u lucas hedges pls come back💔
Scooby-Doo (2002),""" Materialism's not really in our bag, man."""
Moonstruck (1987),"the thing i love most about this film is how earnest it is. Genuinely sincerity bleeds from every frame of this good god. Cher's lovestruck Loretta, burdened by love, luck, and fate. Cage's erratic-ness, physically maimed by the capabilities of love. Sincerity and earnestness are tough things to present on screen and not be read as preachy or corny but this just feels so real. So human, so ever-changing and understanding. Humans change, love changes, love grows, it stumbles, what can ya do? That's amore."
Weapons (2025),"wait wait wait this isnt bad? Um gave me this deep anxious doomed feeling in my stomach that i only got when i watchdd Old and Knock at the Cabin and i think its just like preying on this fear of the unavoidable of the doomed nature of everything of like whats behind a corner or like idk im spouting off now LMAO but its just this fear that no matter what you do no matter how much protection or knowledge u have, danger is still coming. Genuinely jumped and got shivers and got nauseous at those aunt gladys jumpscares. I cried when alex had to take care of his parents like idk wowkekkwkw poor king like the thought of him spending his days at school anxious asf hoping his parents would wake up and then everyday they dont. This really got me man jwjwjjwj and yknow what third act culd use a little fixing sure tone got crazy and wacky all of a sudden sure but i fw it kinda idk after the anxious mess i was the whole time it was a nice change. More thoughts maybe coming later. I dont think paul needed a perspective part and thatttt aspect of the film i dont love entirely tbh. I like it when it was Garner and Brolin and even the drug addict guy oh and alex duh. Can totally see this lowering on a rewatch but as of rn it ate. I think the Weapons of it all is moreso in an ironic sense. The rifle over the house, protection is at our fingertips, knowledge is at our fingertips. Try as much as we can to protect ourselves and our kids in this case yet we cant. We think we have protection, we think we have weapons, but what can you do when it's an unknown, unprepared for danger."
Longlegs (2024),wish it was more silence of the lambs and less just okay Hannibal episode
Cruising (1980),"Concept is so cool, undeniably like one of the coolest concepts ever and Pacino is great in this. All the club scenes and the leather fetishism on display is all great but like when it comes to Pacino's actual characterization and writing it feels kinda nothingburger? Is that crazy? Like one can read this as a tale of the violence that comes from repression but also idk i like my subtext a bit stronger. Like i feel like it ends unnecessarily ambiguous, why cant we just have a straightforward killer thriller with gay tease lmao also im not a fan of the structure like why are we shying away from showing Pacino doing gay shit or having gay guilt or idek lmao it doesnt feel like a story of desire when we don't see him giving into desires"
Frankenstein (1931),"has moments of greatness right? Like undeniably all the stuff in the science lab, all the stuff with henry being crazy, and then later when the monster meets the little girl and these moments are strong enough for the movie overall to be great (aside from its impact overall) but like the book is like the most perfect book ever written so SORRY IM A LITTLE DISAPPOINTED NOT TO GET THE PHILOSOPHICAL masterpiece that was the book. But also it was the 30's so like idk what cajni expect. Boris Karloff is just great, gives the monster so much humanness and sympathy and grace. A childlike confusion as to why he's being rejected even tho he just got created. Dont like the choice to give him a criminal brain, kinda kills the point of like is evil innate or created when like we are picking a brain, immediately blaming him as evil based on an accidental brain selection vs him being a man made abomination. Excited to see bride of Frankenstein!"
Naked Lunch (1991),"??? To me its abt how the creative process mirrors addiction, how it can be all consuming and cause u anxiety and bring paranoia and discover aspects of yourself u push down such as lee's constant interest or questioning of homosexuality and perverseness and wrongness, what constitutes a writer and the process of writing, suffering for writing and making writing ur living, working for the knife how is that any different to living by the needle. Exterminate all rational thought, typewriter is ur god, u are the agent to the keys, this is how u live now."
A Cure for Wellness (2016),The ambience is right the magic mountain-ness of this is fun but i wishhhhh it went somewhere different than exactly where i expected it to go
Honey Don't! (2025),girl i cant with this mess
Black Swan (2010),actually in contention for the most perfect movie ever made
Black Bag (2025),the youth crave more corporate espionage techy thrillers
Network (1976),"What was in the air in the 70's bro this and All That Jazz ending in such a stark, cold, bleak way. Capitalism, and the strifeof perfection, ratings, attention, in an increasingly dehumanizing culture just absolutely slaughter everything around them. Definitely one of the best scripts ever written and disgustingly still relevant to this day. Faye Dunaway is on another level here too am i crazy to say Materialists was kinda giving Network tea, the whole turning human beungs into quantifiable data and how we have lost empathy for each other. Howard is literally losing his mind but he is only thought of when his valuability is threatened or improved upon. How Hobbs loses her idealogies for more airtime, how Diana struggles to form another human connection she can't tangibly find something of value from. Great stuff :)"
Caught Stealing (2025),i believe in the 4 B's: B utler B ringing B ack B ulges
Nightmare Alley (1947),one thing abt me i will eat up freak show carnival media
Nashville (1975),"It don't worrry meeeeeeee all the world is taking sides but it don't worry meeeee what a fucking song to end on. Prime example of American individualism wrapped up in shiny song, yet it's also a communal act of peace somewhat. Like the audience coming together to shake off their worries yet they literally just saw Barbara Jean get killed. You may say that I ain't free but it don't worry meeeee. That's the Nashville way, you gotta keep trucking, keep the music going. A pretty brilliant film what else is there to say just a great microcism of not only 70's america but modern day america as well. Celebrity culture intertwining with politics intertwining with a growing sense of individualistic tendencies intertwining with a hive mind, puritanical, hypocritical culture. And then u have fucking Opal who is an outsider yet just as ignorant as everyone else. Feeling so holden caulfield rn omg why is everyone so phony."
Twinless (2025),"The weirdness of connection and grief and loneliness when i realized that this was doing a May-esque lonely loser thing IWAS IN ITTTT but before that i was upset bc in my head i thot i was getting a psuedo gay lowkey incestual vibe like o'brien wouldve projected his twin on sweeney and like idk both pretended to be the others twin or the dead twin and it would've been weirdly sexual LIKE THATS WHAT I THOUGHT I WAS GETTING BUT NO instead it was a boyfailure lonely loser lying for connection and relationship and it was good im satisfied with what i got. I think o'brien and sweeney slayed and were great the script was great like id love to see more from sweeney ummmm straight guy crushes are a disease but also dennis just wanted any connection be it sexual or platonic, what version of himself did ppl like and what version of himself was attractive and what version of himself was he satisfied living with. Not knowing who u are, escaping into something else, switiching roles, the mystery of connection! GOOD SHIT!"
Sacramento (2024),needed more kristen :(
The Long Walk (2025),COOPER HOFFMAN U ARE INNOCENT AND I AM FREE THIS WEEKEND IF U ARE!!!!!
A Big Bold Beautiful Journey (2025),one of my favs hasnt missed like this in a while like wow what a miss. It doesn't even feel like Kogonada at all i feel like his past 2 films have been filled with humaness snd rawness and humility and this was just sooooooo phony idk like it felt like it was trying so hard to be profound and sentimental but fell insanely flat
The Master (2012),Thought i missed something the first time but maybe this just isnt for me entirely LMAO i still feel like it loses steam around like the last 40 mins LOL
One Battle After Another (2025),"How the flames of revolution and wanting to be the generation that changes things for the better burns brighter and changes with age. what rebellions look like from person to person, what makes up the word revolution, small battles u fight daily, ONE BATTLE AFTER ANOTHER, small victories, local communities, LOOKING OUT FOR UR OWN! I love how different it looked for everyone. EXTREMELY CURRENT stuff just like wow PTA had his finger on the trigger from all angles. Everything about this was great. Sean fucking Penn what a performance bro I LOVED THIS UGH CINEMA IS SAVED"
2001: A Space Odyssey (1968),"To me this feels like Kubrick's rumination on the innate and neverending search for advancement different evolutions of species experience. Always on the infinite journey of satisfying their curiosity and how this leads to violence, greed, and ultimately loneliness. Man at the end reached jupiter, but ultimately he died shriveled alone in his sterile white room thinking of his monolith, at least the monkeys had companionship."
Ghosts of Mars (2001),One thing abt me is i will eat up a shitty space horror film omfg
Bug (2006),"the product of two crazy bitches telling each other exactlyyyy oh my god i didnt expect this to be this good tho wow i fucking love a movie that feels like a play i love a weird little fucked up romance i love this shiTTTTT ugh the delirious devastating effects of disillusionment, loneliness, paranoia, LOVED how the camera felt like surveillance footage in the first half are we being watched, whos calling me, are bugs all over me. I would go crazy over twunk michael shannon too i fear. Insanely good stuff."
Perfect Blue (1997),"ngl half way thru i was wondering to myself why did i love this so much when i first watched 5 years ago like it was quite motonous and repetitive but then everything fell into place and spread apart again and i fell entranced again. Probably the best film to do the whole trippy is this real is this a dream thing, every theory i read about this movie is correct and wrong and i love that. To me its Mima getting so lost in the role, in a similar way to Dern's character in Inland Empire which makes me wonder if Lynch ever saw this movie. Up to the very end i was wondering whats real whats fake whats psyche whats dream, the shot of rumi facing the truck headon, both knowingly scarring Mima with her death, making an impact on Mima in the way shes had one on her, and relishing the blindness of adoring lights all at once. It's just so good, endless juice to squeeze out of this."
The Smashing Machine (2025),"Couldve done without thw 2025 portion bc i thot that was a corny ending cant lie but yeah i enjoyed this and didnt think i would i liked the slice of life structure the like moment in a person's life biopics are cooler than the overall journey ones. I just really love the way Safdie captured skin like idk how it stretches, it's blemishes, it's texture loved all the skin shots Lmao um loved emily blunt she was great. Loved how Safdie directed all the fight scenes too with all the blinding lights loved that. Wouldve been better if the marks explored each others bodies!!! *Lowkey i do feel like the movie blames a lot of Mark's issues onto Dawn and i dont love that, it makes Dawn look crazy and people are so quick to hate train a woman that like these topics could've been dealt with more nuance IMO"
Cosmopolis (2012),"Possible 5 alert guys holy shit? Um just one of the most symbolically dense screenplays ever? Every line in that final amazing scene with Giammatti and Pattinson feels incredibly impactful and important. That last scene is just so good like two greats doing the best work Ive seen from both, two characters both so victimized by the world and their own undoing that they turn to violence, despair, surrender. You can just take so much from this. At the beginning i was thinking it was exploring the concept of being a young ingenue, peaking early and the anxiety of being a has been with time. But as it went on what really stood out was Eric's strive for perfection and the constant masking of his childhood fear of dying. Eric's father dying quickly and unexpectedly from cancer scarred him so now everyday he's getting checkups by doctors, stressing over his asymmetrical prostate. ""We have minutes to live."" he says. Constant rumination on how time is running from him. ""Time is a thing that grows scarcer everyday."" That's why he's become this billionaire playboy, he's trying to outbid time. "" Money makes time."" It's like the journey for a perfect, stressfree life is a fallacy and only leads to pain, dissatisfaction , and anxiety no matter how many daily checkups, or meet ins with a chief of philosophy u have. Everything is crumbling, the world is dissatisfied and disillusioned, rats roam the streets, nothing is right, nothing is how it showed be, yet Eric is still betting on the norm instead of thinking outside it. That's why he lost his fortune in a day, that's why he has constant anxiety and masks it with sex, screens, and limousines. Perfect performance by Pattinson just captures eric's bravado, youth, anxiety and sadness so well. When he is told that his friend is dead u can see him imagine his own premature death. When the barber admonishes him for no having protection u can see him shrink into a little boy being told that hes doing something wrong. Its like u can tell eric carries a lot of childhood fear over his father dying so quick, yet he's also so full of contradiction and bravado and masculinity that he enters a room where he knows he might possibly die in. The way both Eric and Benno look for salvation in other people and then get let down when they don't meet their standards- "" I wanted you to save me."" Im also just a huge sucker for 2000's artificiality in films i love the schlock of mid 2000's to 2010's cgi i love when directors play into how fake it looks and turn it surrealist and i love when characters speak like book protagonists and not real people lmfao"
Little Black Book (2004),"guys this movie is so good but that fucking third act tonal shift nightmare black mirror black bear scenario is so crazy i cant believe they put that in the movie it literally feels like a psychological horror for a couple minutes ummmmmmm but wow actually really good and entertaining. Brittany Murphy does it like no other ill miss her eternally no one can smile like she does JULIANNE NICHOLSON ON A SIMILAR NOTE NO ONE CAN CRY like she does um very good very current we all wanna be nosy id love to see a modern version of this, i just needed this bad rn omfg"
Local Hero (1983),First half is great slice of life fun outsider exploring foreign kooky land but like around the 40 mins left part i think the movie squeezed all the juice it had left so the final few minutes feel kinda like they just happen instead of it having like this good concrete ending
Southland Tales (2006),"TEEN HORNINESS IS NOT A CRIME, KEEP AN OPEN HEART AND OPEN MIND love when a film completely hypnotizes me its whole runtime. It's stupid, it's great, it's american as fuck. Richard Kelly may be the second coming of Christ (Lynch)"
Memoria (2021),"I think it captures a unique feeling close to anxiety where you feel the earth sending u messages like i know exactly how jessica felt when the dog was following her or when she would hear the booms during dinner theres a presence all around us at all times, god, souls, spirits, dust, and no matter where you are theres a history tied to the place you're at. It's like visualizing the realization that you, others, that tree you pass everyday, clouds, are all part of a movement that starts and ends everyday just like the car alarm orchestra in the beginning. Winds blow, health sways and ends, dreams linger and ground their roots, memories fade yet brand you in some way. Transcendental stuff man. Couldve done without the spaceship tho."
The Box (2009),"Richard Kelly is maybe the best find from this year holy shit?? Why is everyone not talking abt him constantly. The way he views America and depicts its culture, tragedies, style, relationship to technology, money, violence, and each other in his unique hypnotic static kinda kitschy kinda gauche kinda dreamlike way is so great ! This is truly like such a great examination of how the 2008 financial crisis drove families to the extreme and how the government plays games with its citizens and drives them to violence, even the most nuclear, heteronormative, white families. The prime, American family is not safe from the money machine. Looking at Kelly's filmography, I love how i can pinpoint what tragedy is the basis for the film- 9/11 being the catalyst for southland tales exploration on authority, betrayal, and privacy and columbine being the foundation for Donnie Darko. I just love seeing that through line in his work and I would've loved to have seen what he would've done with COVID. Richard Kelly i will be first in line for when u return, lowkey a new favorite."
Brazil (1985),"one of my new fav subgenres is absurdist sci fi romps that examine the ridiculousness and absolute oppression of facism and authoritarian governments. I think we're due for one soon lowkeyy everything this and Southland Tales does mirrors our current government so well. This was just so great endlessly creative and engaging and thrilling and weird, that ending is so sick."
After the Hunt (2025),"2.9 kinda a harsh rating, it definitely could benefit from a tighter script and like shaven off 20 minutes but its a pretty excellently directed film. I love how Luca focuses on hands here like words lie but the hands cant in a way. I love when it gets blurry and ugly and stilted. It's a pretty nasty movie like it makes me feel nasty and gutted everyone is just bullshitting each other we kinda all suck. That score was crazy loved it. Julia too."
No Other Choice (2025),what the post grad job hunt is feeling like....deadass....
Hamnet (2025),I always forget how good of an actor paul mescal is until i watch him again and hes acting down like crazy omdg why was everyone acting so down GIVE JACOBI JUPE AN OSCAR OMFG this child made me sob and huff and puff and jessie buckley just captures agnes' spirit completely Her rebelliousness and her wildness and her desperation and sadness and bitterness and grief i love how connected to nature it all feels like everything is part of a cycle growth rebirth death we all return to mush and soil why continue living if it ends in agony well u do it for love and the little things in between. For birds flying overhead and a loved ones giggle and playing dressup and writing and-
Bugonia (2025),"The mutualistic relationship between bees and the earth starting and ending this movie is so impactful like woww the cleanest form of sex, an ecosystems natural cycle, ESPECIALLY coming right after we see the vapidness and uselessness of material objects existing without human interference. a race that wants more and destroys the worlds natural gifts in favor of damaging artificial ones why not sacrifice the entire human race to save the green planet at the end of the day. Even the end credits are decorated with rain sounds and birds and thunder, natural cycles, the beautiful quiet of an earth untouched by cars or speakers or alarms. This movie is just so good omfg gonna be so crass idc yorgos put his whole pussy in this on all corners like fuck. Visually its just stunning im obsessed with how much space Yogos gets in a shot im obsessed with his saturated lighting and when he gets artificial and yellow and orange. Im obsessed with both Plemons and Stone in this particularly Stome teetering the line between real or fake constantly throughout keeping both me and Plemons questioning on her alien status. I think this met me at a very conspiratorial time in my life like LMFAO no jk but like everythings been so fucked lately government wise in the US and the media ive turned to to examine and make sense of this is like absurdist sci fi conspiracy-esque thrillers stuff like Bug, Brazil, Southland Tales. Like this is just so my shit rn and i love how current it is. Male loneliness , reddit threads, the south, fake news, all this shit that brings ppl to extremes. Stuff is so fucked, we are dying, the ones in charge dont give a shit like what else is the answer other than complete erasure or a hail mary kidnapping LWKAKWK."
Volver (2006),""" Los fantasmas no lloran."" Wow wow wow one of the most beautiful movies ever tbh i just feel so seen in a way idk im surrounded by the most powerful and complex women all around me their strengths and stories and emotions and complexities is so inspiring, the women in my life are part of my soul and this movie just represents that so internally. I feel a connection to Almodovar in this i feel like we both have such strong ties and love and understanding and a weird mysticism towards the women in our lives. I love how real it is to the hispanic experience it feels incredibly real and raw and lived in. The at home hairdressers, the villlage of women at one another's aid, the recipes cooked, the clothes they were. It's just such a love letter to hispanidad and women and life and family i just loved it so much."
Battle Royale (2000),Not better than Catching Fire i fear....
Uptown Girls (2003),teacup scene teacup scene teacup scene
Marty Supreme (2025),Is it a 5 or was the last scene and song crazy impactful like u cant do a tears for fears needle drop with some of the best acting from Timmys career and not expect me to be moved. It was just really amazing i cant lie i think the safdie really figured out how to maximize his usual break neck speed style whilst also slowing down and allowing for moments of tension and emotion and character and thats not to say his other films didnt have it but Marty Supreme is different idk it feels different it moves different my anxiety isnt stemming from the whirlwind editing and close shots but its stemming from my care towards what happens to Marty and thats saying something when Marty is the human embodiment of a leech like wow. Just so desperate and ambitious and carries an equal amount of arrogance and insecurity on his shoulders. It's amazing to watch Timmy play out such a fully realized character and i could watch four more hours of Marty stumbling fowards and destroying himself back downwards. It was great i loved it MARTY SUPREME SUPREMACY. Marty using table tennis as a crutch to not grow up and accept adulthood and responsibility and him crying when he sees the baby makes me so emo bc like its both him coming into adulthood and lowkey letting go of his dreams of being this super famous world champ like ugh crying.
Lurker (2025),"Tom Ripley if he had a reddit account, its new age Annie Wilkes, its Saltburn if that movie had a good writer, this movie is quietly one of the years best with just excellent direction and writing from Russell and 2 amazing pitch perfect lead perfomances AND ANY MOVIE WITH HAVANNA ROSE IS A GREAT MOVIE. I LOVE HAVANNA!"
Polyester (1981),"a fun romp with a great, unique use of odorama which just makes the whole thing more exciting and engaging, more scratch and sniff technology in movies rn LET ME SMELL IT ALL! Randomly has some of the most beautiful lighting ever? Lmfao"
100 METERS (2025),"LOWKEY AM GETTING TIRED OF sports movies not showing the winner idc i get the point is them finding the spark in their sport again after debasing it into pure stats, wins, and laps, but mama i want a winner im sorry idc BUT 2026 IS MY YEAR OF SPORTS MOVIES YAYYYY I LOVE SPORTS MOVIES"
Phoenix (2014),No one informed me of the hot European bear trade leading this film um i wouldve watched this ages ago hello
The Chronology of Water (2025),lowkenuinely puts other actor turned directors to shame like kristen directed the shit out of this omg
The Art of Self-Defense (2019),the most sundance movie to.......not sundance......what........
Evangelion: 2.0 You Can (Not) Advance (2009),how can this be both heartwarmingly funny and nauseatingly horrifying at the same time good god
28 Years Later: The Bone Temple (2026),obsessed with these films and Kid A needle drops
Evangelion: 3.0 You Can (Not) Redo (2012),tfw when all u do is cause destruction😭feels like the alien 3 of the franchise
Plainclothes (2025),oh gay tom blythe how u wouldve loved beta blockers and sniffies
Evangelion: 3.0+1.0 Thrice Upon a Time (2021),""" Birth of a new world. Neon Genesis."" a giant cacophonous culmination of hopes and dreams and desires and angerrs and ideas and fears all resetting for another chance at it all. It's looking at the world and deciding to live with the rot and the beauty of it all. It's taking a stand instead of being a passenger. Shinji is everything to me i cant lie at his lowest at his most pathetic he is still just so insanely human to his core. A modern day Hamlet, to live to die, to die to sleep, perchance to dream. This ending is just so beautiful in a way i cant put to words, humanity is so vast and multifaceted and hypocritical, but at the end of it all we are all on the search for understanding and connection and by the end of our lines we hope to find some sort of inner truth and power to peacefully let go of ourselves and seeing Shinji let go was just something i cant put into words. I love the optimism of the rebuild films and the message of hope and connection opposed to the destruction of EoE. And im obsessed with how what everyone really needed from one another was the truth and a listening ear. Empathy goes a long way."
Pillion (2025),"the give and take of love ugh whats on the periphery of connection, wheres the boundary between how much of yourself you are willing to lose or change for the person you like. Can't lie i wish it ended differently but whats the point of continuing to hunt for a person unwilling to fold. There's no fun to a game with no give."
Love Jones (1997),an incredibly romantic and sensual film wow is anyone as beautiful as nia long is here i loved her performance here i loved a lot about this everything feels so grounded and lived in and in tune with the complexities of modern relationships. One wants to be the player and not the one being played and just ends up with missed connections and lost opportunities.
Send Help (2026),hello this was so good omg sam raimi knows what gets the heart pounding like fuck what an invigorating breath of fresh air this movie was it just felt so 2000's mid budget thriller it had the usual Raimi-isms i love his pov shots and close ups and weird editing choices both lead performances were great both underrated actors and im over the moon that dylan o'brien and his chest hair are getting more recognition. Sam Raimi should be allowed to drop a movie every year methinks. Nice lil triangle of sadness harris dickinson running thru the woods reference too. Score was amazing too loved her. And the shambo survivor reference too.
Mauvais Sang (1986),"feels so parisian Araki its so apocalyptic and new wave-y and has such a youthful, experimental energy to it. It feels like feeling young feels idk how to explain it LMFAO feeling young and feeling a rush of mixed emotions at all times and the age where a song can change your life and one meeting can ruin it and everything is shaky and unpredictable and theres a sense of doom to everything and its permanent nightttime where words fly loosly and exchanges have a buzz to them. Alex as a character its kinda crazy hes not talked about more bc he is prime sad boy male manipulato yadida and Anna is so manic pixie whatever but it works and its great. This film is hypnotizing and magnetic and GREAT. I NEED MORE LEOS CARAX IN MY LIFE. Glad i watched this."
I Saw the TV Glow (2024),"still brilliant still endlessly horrifying and cozy, that soundtrack is everything"
High-Rise (2015),"while I appreciate its unique tone and approach, it doesn't succeed in making me care one bit abt these characters or the world they live in. Its so sterile and u can tell that the original material is from the Crash author but where that movies sterileness meshes well with its themes of intimacy and technology, here it just makes the movie feel impersonal and unknowable."
Rumble Fish (1983),""" Somebody ought to put the fish in the river."" An environment/cultures effect on the person vs how the person is. Nature vs nature, will you still be violent, mad, dumb elsewhere, will the poison seep through nonetheless, are you a dead man walking straight from birth or did you die somewhere along the way, in another place would you survive your destiny, would you find a way out of your cage? Mickey Rourke is on another level in this, FFC is on another level with this. new favorite im obsessed with it's quietness it feels like a dream its fog strained and it feels so fatalist. Rusty James is bum Holden Caulfield."
Queer (2024),""" Door's already open, can't close it now. All you can do is look away, but why would you?"" Every single person involved in this film was firing at 100 wow the cinematography, score, costuming, makeup, set design, acting, genuinely evey single person played their part to their utmost ability its so crazy. Drew Starkey u are so beloved. im kinda disembodied too waittttttt. Need eugene so bad wheres my repressed, depressed dl four eyed sweaty trade. Wrote abt this in my first review but what strikes me so much abt this film is its search for warmth and beauty, a simple act of beauty is all Lee wants. Moments of tenderness is all he desires, he'll follow Eugene around and bug him for it, he'll travel the deepest parts of the jungle for it."
Querelle (1982),the pinnacle of eroticism tbh
The Moment (2026),12 year old me was in the theater i fear i lived for this
Angel Heart (1987),hot tortured detective and a new orleans setting IM SOLD
Happy Together (1997),"wong kar-wai on valentines day, did i even try to be happy"
Wuthering Heights (2026),"Somehow emerald's best film but the film is fundamentally wrong with the two leads casting and i wish i could set that aside but like idk i cant. All of heathcliff's choices are dictated by his racial difference from catherine and catherine's naivete and wildness and furiousness in youth is lost when you cast an actress that ik is not the accurate age of catherine. Turning Isabella's abuse into a kink is also an insane choice, I think Fenell should've trusted audiences enough to have nuance in Heathcliff's characters and through characterization and writing still make us empathize with him despite his actions. Turning it into a kink is lazy and honestly a desperate move for shock. Allison Oliver innocent though she played the hell out of her role.I don't even see myself as someone who is so keen on adaptations keeping fidelity with their source material but these 3 things are just fundamental to the books core that I think the movie is inherently, for lack of a better word, bad for going about it the way it does. I will say despite my gripes with Elordi's casting, he does give a terrific performance and Fennell uses his stature amazingly. I'll also say that as an exploration of desire and its boundaries, the movie does a good job at it. I think i couldve used more cruelty even though the characters had the capacity to go there, i think we could've got crueler, especially on cathy's part and yknow what also heathcliffs. They refer to him as cold but i never really saw him as that in the film. Costuming is great, cinematography is great, but beauty and aesthetic has never been Emerald's weakness. I just think she opened herself up to unnecessary discourse adapting a book and not doing an original erotic period piece film inspired by WH. Movie made me wanna reread the book tho so i gotta thank it for that. Skin room was the coolest add."
Wuthering Heights (1939),"im kinda wuthering heightspilled and this satisfied the craving somewhat before i start my reread , this film definitely rushes the intensity of their relationship and doesn't show us any of the building of ot but it is drenched with drama and scandal and intrigue so i fw'd it. Cathy's wildness is somehow better done here than in 2026's version but both films severely downplay Heathcliff and Cathy's cruelty. These two ppl are horrible, let them be horrible! And the major sin of this movie is not treating the setting like a character, the windy and foggy rolling hills are wuthering heights like we need to see them bruh. I love the score being used in every scene it felt very operatic and melodramatic. And i love the ghost cathy shit ugh LET ME IN YOUR WINDOW HEATHCLIFF. DRIVE ME MAD. DO NOT LEAVE ME IN THE DARK ABYSS WHERE I CANNOT FIND YOU."
Belle de Jour (1967),while its a good examination of desire and repression i almost feel like it doesnt fully commit to what it sets out to do even in its dreamlikeness like i feel like everything could have been pushed a little further. No doubt this was transgressive for the 60's but my modern mind has seen this theme examined in ways that i preferred ig.
Summer of Sam (1999),how paranoia and prejudice destroy a community lowkey overly long it couldve been peak if a good 25 mins was shaved off somewhere but i fw'd punk adrien brody heavy
Ratcatcher (1999),"tbh its like a scottish gummo like enviroments that suffer from poor financial states and government disregard and how that births a culture of violence, oppression, and dirt. for my dilf divas we got a major dilf alert, for my field lovers we have a field of dreams scen love her."
Morvern Callar (2002),"Doesn't completely work for me, still very interested in reading the book and fully getting to see Morvern's mindset and choices, but i do think this is a good existentialist hunting ground on grief and identity, who are you when the people who defined you are erased, are you still yourself without those perceptions or do you become a husk of a person. samantha morton's eyes are the first of their kind."
All That Heaven Allows (1955),""" Nothing matters except us, will you remember that?"" Brooooooooiiiiioooooo rock hudson💔🫦"
Theorem (1968),i was gaybaited omfg
The Bride! (2026),"anything below a 3 feels too harsh for me to give but yeah girl this was a messsss um Bale and Buckley innocent and do the best with the material but this shit doesn't know what it wanted to do. HOWEVER, i highly appreciate its boldness and its decision to take risks and i think we should allow films to move as freely as this one despite it not working completely for me. Its kinda like if guillermo del toro made Cruella."
Sentimental Value (2025),"the only way out being through😵‍💫family histories, violences, losses, loves, everything that becomes of you past, present, future, you can sit and let things fester, crack, rot, or you can choose to start anew, take the things you love, the ones you love and stride on, what else can ya do? there's such a power in cutting your losses and putting it all on one person and there is a certain validity in that but humans are just so complex ugh this complete examination on a family permanently fractured by violence, generations pass on from the initial traumatic event yet they are still feeling its rippling effects and desperately trying to outswim its waves for the next generation WHILST ALSO trying to be empathetic and understanding of the ones before."
Thelma (2017),when u manifest a lil too hard whoops
Melancholia (2011),"Maybe it was just not the night for this, maybe Von Trier's style is just not for me but idk this felt neverending and for some reason i was never emotionally invested. Kirsten innocent tho she was great"
Blink Twice (2024),"pretty engaging i cant lie but this script is just so bad good god, third act is so lackluster and it doesnt really provide a satisfying conclusion. Um the editing was pretty gross, i cant get over that dialogue dude omg it felt so my first screenplay. So like this leads to this and yes and no and maybe like LMFAO also got kinda convoluted near the end too lol"
Ready or Not 2: Here I Come (2026),"wouldn't hesitate selling my soul to marry shawn hatosy, you'd have to hold me back infact"
Project Hail Mary (2026),feel like im being gaslit while on a technical level this was really cool i just totally didnt connect with this story wise i mean idk it just feels so juvenile and i hate to use that word and i hate to sound this way but silly dances and witty quips are so corporate and overdone and not emotionally engaging for me. Middle section also kinda drags for me. Sandra Huller as Shiv Roy was great tho i love her shes a terrific actress MORE SANDRA HULLER KAREOKE
Long Day's Journey Into Night (2018),""" On tv, they said that dreams are lost memories."" do i know what happened? No Was i fully engaged all the way through? No Was I locked tf in when he sat his ass in the movie theater and the title card showed up halfway and then a 59 one take sequence followed with a beautiful ending and last shot? YES YES YES YES YES YES DING DING DING"
Lola Versus (2012),greta was lowkey a brittany murphy daughter wtf🤕
Waitress (2007),the world needs adrienne shelly rn its an insane tragedy that we lost her um this was great! Nathian Fillion wow should i start firefly now like ive been putting it off for so long but it suddenly shot up my priority list lol
The Drama (2026),"lowkey think the discourse is really overshadowing what was a pretty great movie on the lengths of forgiveness and empathy. Are someone's past actions so deplorable that they aren't worthy of understanding when they have changed? Is changing worth it if your just defined by your past? the two leads were great and the movie was really funny, its very Happiness meets Master Gardener. I loved."
Mission: Impossible (1996),ily brian de palma
Atropia (2025),"maybe its cuz i have seen a movie in so long (11 days) maybe its callum turner playing a freak weirdo maybe its my affinity for media where someone gets lost in their role and exposes vulnerabilities through perfomance rather than reality idk guys but i fucking loved this way more romantic than i thought it would be, way funnier and dryer than i was expecting, way more poignant on the role of the solder than i presumed it'd be. But honestly what really stuck out was Alia Shawkat bodying every scene and Hailey Benton Gates directing the shit outta this omfg her experimentation with different forms of visual language was so cool all her diversity in shot formation, the dvd video quality, the dreamlike vegas sequence, the infrared intimacy, everything about this worked for me. I loved."
Mother Mary (2026),now im just confused as sheet and wanna listen to eusexua
Body Heat (1981),really hot movie omfg i love sweat KATHLEEN TURNER is theeeeeeeeeeee actress supreme to me i love her
The Devils (1971),"whats left to societies overrun by hypocrisy, hivemind mentality, and violence but ruin, rot, and the everlasting leering look. ngl i only watched this cuz i expected a horny romp a la Crimes of Passion and other Ken Russell norms but this was so depraved and horrifying and sad. It's right infront of everyones face, it's happening to everyone, in a culture of surveillance and conservatism anybody can become a target with any slight misgiving even if false. Horribly real stuff, gloriously upsetting movie."
The Plague (2025),"all these boys needed to die omfg lowkey idk i liked this but about an hour in i checked the runtime and thought the movie shouldve been over and the last 30ish minutes were not the strongest for me personally but interesting ending, didnt love the score, i love pool shit really reminded me of Larry Sultan's Swimmers photographs and that collection is some of my favorite works of photography:p"
Griffin in Summer (2024),owen teague......welcome to my client list.....this really struck close to home as someone who also had a debilitating crush on an older artsy guy at 13...good times...
We Need to Talk About Kevin (2011),he needed to be shot at 7 idgaf
Clockwatchers (1997),parker posey u are my north star
Mahjong (1996),"It's a really fun experience to see where your faves got their inspiration from, to directly connect a throughlins of theme across decades. In this case its Celine Song with Materialists' take on modern love being similar data analysis and Mahjong' s exploration of a life bounded by how useful your connections are to you. Living a life based on hustle, swindles, and being 10 steps ahead. I really didn't expect where this movie would go and before that insane final act I was enjoying this but not loving entirely, but then everything fell into place and reality set and the natural violence that comes from a life pushed down a thumb came to the surface and it was simultaneously satisfying and horrifying to see. A city and group of people eating itself from the inside out unaware that just a few feet above their heads western vultures wait to pick at the remains. Little detail i loved was the uncertainty in that final kiss, whole film really showed the consequences of a life without sentimentality. Excited to dive more into Yang's work!"
The Devil Wears Prada 2 (2026),"Felt very contrived, Simone Ashley innocent tho"
Wise Blood (1979),"the fallibility of placing your identity on structures of shaky authroity and unbalanced figures, putting ur all into something and realizing its fake like that moment a child realizes nothing is as perfect as it seems. Brad Dourif carried this movie hard ngl there were moments when it lost me but Dourif's turn as Hazel Motes and his delusionally crazy eyes and thoughts reeled me back in"
Obsession (2025),"im obsessed with how Inde Navarrette contorts her face and body omfg the monstrosity of losing one's autonomy represented through something as simple as a jagged jaw and backwards gait. stop motion-esque walking, nonhuman movement, an ""other"", yet entirely what was wished for. To be loved is to be known- mind, body, soul, blood, piss, cat guts."
Idiotka (2025),reality tv movie IM SOLD IM SOLD IM SOLD i cant die before seeing anna bartshnikov in an adaptation of Zweig's The Post Office Girl i need it bad
Mile End Kicks (2025),barbie ferreira never disappoints me shes been my number 1 client since 2018 SINCE THE DAY KAT DROPPED SHES BEEN MY FAVORITE I LOVE HER
It Was Just an Accident (2025),"I'm quite moved by this film icl i was in a movie drought it feels like and this revived me entirely its just phenomenal filmmaking phenomenal writing phenomenal sound design phenomenal acting its perfect its complex its soul biting its mind candy. When violence is the winds that blow around you what feels right and what feels wrong, how can one live and breathe and glide around a world that has chipped away at them. Is it alright to take matters into your own hands, god has left you, justice has turned its eye, there's no one for you but other jaded particpants, what's left but violence. But then do you willfully add to the cycle or stop it entirely, freeing yourself and letting go of violence. Letting it wash over you as best as you can, and yet it's effects still lasts. The poison still drips on through."
Silent Hill (2006),this was so cool ugh i loved UGH I JUST LOVED BEING FULLY ENWRAPPED in such a creepy foggy fucked up atmosphere. I love that this movie is horrifying and so 2000's horror and the cgi is so ugly but its so committed to adapting the game and i think it does a pretty good job at it its just so committed ugh i love i want more. It has a weird coziness? Idk
Backrooms (2026),"okay feeling weird lmfao everything inside the backrooms is so fucking cool that it alone makes me wish this movie was an hour longer like desperately wish it had more time to explore even tho what we got was amazing. The feeling is like a purposeful unsatisfaction like Parsons knows we want more but won't give it to us to add to the horrifying intrigue of the backrooms as a concept. Like i immediately wanna rewatch it again and also immediately want more, insatiably want more actually im begging for more. UGH IT ACTUALLY MAKES ME WANNA SCREAM LMFAO REALLY COOL SHIT IN THE BACKROOMS UGH I WANNA WATCH AGAIN everything atmospherecially is near perfect everything storywise hmmmmm could use some touching up"
Pauline at the Beach (1983),"A Summer's Tale evil twin tulpa like where in that movie the beach is airy and romance is everywhere its the in the wind that's blowing the characters hair and its in the blues, pinks, and whites of the costumes of the characters, here romance feels rather oppressive, rather fake. So much beauty in the natural world, so much beauty in the beach and hills and flowers, and yet this quartet of characters is more concerned with the falseness of desire, lust, and what the true way to go about romance is. Should it be a quick rush of emotion, a desperate first love that burns brightly and flames out the same, or is it a waiting game? Should it be torturous, should it be easy? I'll say it a thousand times over, Eric Rohmer was the closest thing to Jane Austen for movies. They are spiritual family in my brain forever."
A Wedding (1978),a menagerie of misunderstandings i fucking go crazy for a robert altman ensemble piece hes just so good at humanizing so many characters at once and instantly making me know who they are and what they want. one of the funniest movies ive seen in a while.
Less Than Zero (1987),soooooo this is not Less Than Zero LMFAO
Marie Antoinette (2006),"yeah its a pretty genius film i mean obviously visually sumptuous and stunning but thematically its the epitome of Coppola's exploration of the gilded cage, the epitome of exploring the complications of excess, the aphex twin needle drop is one of my favorite things in film ever i think"
The Python Hunt (2025),new quintessential film in the florida canon just dropped im quite touched icl i love u florida
Some Kind of Heaven (2020),"gorgeous, lowkey cried twice"
The Day of the Locust (1975),when wanting to go in blind backfires on you BRO I THOT THIS WAS A NOIR OMFG and it was not it was a kooky little romantic satirical drama im sorry i really wanted a mulholland drive-y noir tn im upset! Main girl looks exactly like Slayyyter its scary.
The Doom Generation (1995),""" There just is no place for us in this world."" loved this a lot on rewatch really love that despite the queer tension throughout its still intro'd with the text ""a heterosexual film"" bc the whole thing is bounded by America's heteronormativity and conservativeness. There is no room for queerness, there is no room for alternatives, and when those who are different forcibly create a space for themselves, they are met with violence. GREAT STUFF. ILY GREGG ARAKI."
The Boys Next Door (1985),"its like a Badlands meets Doom Generation meets homoerotica meets male loneliness x violence mashup. Its so 80's and that both endears it as being ahead of its time in terms of themes such as american malaise, male violence, incel culture and sex and also dates it with that gauche electric guitar score and final mall chases third act. They loved a mall chase. It really does feel quite modern tho with its homoerotic nature and the exploration of the dissolutions of the american dream and the exclusion white cis straight guys feel when things out of their norm become standardized. Why is violence and aggression the response to it all? Maxwell Caulfield is the hottest Bonnie to Sheen's Clyde."
Leviticus (2026),need the blonde guy bad um MIA WASIKOWSKA PLS COME SAVE CINEMA PLS GIYS I LIKED THIS MOVIE A LOT but my main problem is bro why is naim the sidechick and why are u tryna convince me that ryan likes him enough to see him in the demon and that the main central romance IS BASED ON THIS WHOLE THING WHEN RYAN HAD ANOTHER GUY AT THE SAME TIME AS NAIM HELLO. LIKE HELLO ryan being like i only wanna see you welllllllll not quite if u were kissing hunter the fuck?? still need him bad tho
Palindromes (2004),"Can't help the way god made me, but he won't get away with that again - Ethel Cain, Mondays this fucking movie man oh my lord😭😭walks the thinnest floss of a line between deplorability and sincerity unlike anything else even from Solondz himself. Aviva, Mom, Otto, Bob, human nature is cyclical , again and again, try as we might, we get everything wrong. Randomness rules the world, genetic predispositions bound us down, what's written shall be done, if it's mean to be it will be. Palindromes feels quite bleak, is there hope for better, should we even strive for more when at the root a person wants what they want, desires are bestowed not chosen. I really love the dissection of religion here, the expectations placed upon how one should behave, the hypocrisies that come with policing one's behavior. Trancelike watch, im nauseous asf."
Married to the Mob (1988),"Ending is a tad rushdd but this was just darling. It belongs to the What's Up Doc and Moonstruck camp of films where the perfomances are so idiosyncratic and the tone is so delightful and it's such a fun, gay romp the whole time that I can't help but love it. Michelle Pfeiffer absolutely gorgeous and this performance goes so hard but so does the whole leading cast genuinely everyone came to set mad asl. JONATHAN DEMME can go from serious to hilarious in a second and it works! Lowkey may be a new fav director...."
Gang of Four (1989),"It's definitely a case of me expecting something totally different and not being prepared for what this was that has my score at a 3 i thot i was getting a mystery, a dark underbelly-esque movie and this was more of a complete exploration on identity and performance. Identity as perfomance, performing identity, what comes first emotion or reaction, the thought or natural burn? the girls disjointed for the first hour before coming together for cecile, they are meshing as close as we have seen them and yet cannot get it together on stage, what is real, where should all this chemistry go, what relationships are valuable, what emotion is of value and when😵‍💫😵‍💫"
Hairspray (1988),"roach dress, debbie harry, ricki lake ALL DARLING AND CHARMING HOWEVER HOWEVER HOWEVER i need the songs and zac efron and amanda bynes back nowwww"
The Invite (2026),the polycule rep the world needed PUT ME IN THERE COACH
Hud (1963),"wow wow wow this movie was fucking bleak, i knew i was in for a banger when i saw the based on a novel by Larry McMurty tag on the poster, McMurty's total deconstruction of all the legends of the American south is just fully on display here. Rotting ranches, the infection of american greed and individualism spreading through the young men as fast as the disease spreading through the cattle. It's the death of the cowboy, the death of the gentleman, the death of honor. You think surely someone will turn a corner, Hud will grow a heart, Homer will grow a mind, but no everyone is as stuck in time as their surroundings, only option left being escape, oblivion, or isolation."
The Darjeeling Limited (2007),"dysfunctional family road trip movie with an emo moustache'd yearning jason schwarztman UHH DING DING DING i usually find Anderson's work quite hollow icl, absolutely beautiful form and visuals every time but the substance of his films has always felt fleeting and languid to me. The Darjeeling Limited could not be further from that feeling. Contains the usual Andersonisms, the quick pans, the symmetry, the quirky dialogue and delivery, but in addition to all that is a really beautiful fucking story on grief, family, love, time, being there for one another. India setting was a stroke of genius both visually and thematically with the whole movie carrying an extra weight of spirituality to it. absolutely loved this. all the train shit made me scream i love trains."
Her Private Hell (2026),"Foggy fade ins, stilted dialogue and performances, NEON EVERYTHInG, the most beautiful score ever, giallo sensory overload, destroyed, dissected, and modernized. I fucking loved this, i feel engineered and predisposed to love this. Did it lose me at times YES am i sure abt whats tea NO is charles melton hot asf unmm am i thicc?? really amazing stuff here WHAT I TOOK FROM ITTTTTTT is really just how violence, anger, and resentment can rot one over time and one has to choose, make an active decision in retribution and reprieval. And yet i also feel like im making all that up bc Elle is not an easy character. Private Kay to me standing in for what she'd like her father to be , an honorable man who goes to lengths to protect his daughter. Is he real, is he elle, is he a past soldier, is he a figment of imagination elle has placed upon a random lighter and jacket. Is elle trying to find meaning to work through her resentment, repression, and anger. loved this, probably more thoughts to come soon. Foggy fade out for now."
The Neon Demon (2016),"gorgeous visuals and composition aside i fear this one didnt work for me. I think what i found so great in her private hell was the mix of sci fi, dystopia, giallo, and all the tropes that come with that in combination with Refn's stitled style but then it's placed in reality and a modern story it doesn't work for me entirely. bella heathcote should be in more things she was a highlight"
Fear and Loathing in Las Vegas (1998),"the world needs terry gilliam back no one comes close to his bold cinema sensibilities its literally just no fear filmmaking here and its so good, loved this love Vegas movies love desert shit IM SOLD"
"They Shoot Horses, Don't They? (1969)",""" The marathon goes on and on and on and on."" And hasnt stopped since. In fact it only feels more rigged and unfair and stacked against people even more nowadays than it did at the time. A really unflinching portrayal of american heartlessness. Greed, lust for violence, spectacle, and pain. God i cant stop thinking abt the title and how it was used in the film. Dogs yelp in pain, horses limp, humans are expected to smile on and pretend it isnt happening. This isnt really happening, you have to roll with the punches, you aren't strong enough, you aren't real, this is not happening. Shoulders up, chest out, take a deep breath, keep trucking, do not question why you have to trudge on despite your pain, do not dwell on your pain, either get out of your misery or flame out. Bleak stuff."
The Odyssey (2026),"in my usual annoying fashion i came into this with a hypercritical lens but icl Nolan absolutely washed every preconceived notion i had regarding basically everything abt the film. From Odysseus' characterization, which i found as both an excellent modern adaptation and also extremely faithful to the source material, to the visuals to the acting to the pacing to themes, i really think theres a pantheon of perfect films out there and The Odyssey is a new addition to it. I think this is a perfect film. Honestly my favorite aspect of this is how mind candy themes are. Odysseus, literature's first hero (Gilgamesh aside) being the ancient equivalent to what Oppenheimer was in the 50's, the predecessor to violence, the mastermind of original sin. The First Story, The First Man, the narrative of all narratives that most of western literature has based their tales, behaviors, and beliefs off of being translated to one of violence, deceit, lies, greed, and treachery was genius. The story that started it all isn't one of honor or forgiveness or empathy, but one made up of rage and rot. There's a deep sadness to this film, what have we become, what started it all, the gods have turned away or actually the gods are rooting for this. We have forsaken them, they want to see it burn so they can rebuild it all, and YET AND YET once it is rebuilt, it will happen again. Violence must get its feed, blood must be spilt, guts must be drawn. The Odyssey to Oppenheimer to Tenet, a reversed trilogy of sorts which is so Tenet, all exploring the cause-and-effect and consequence of human action. Past, future, present, now, then, violence does not care, humans have not changed just simply forgotten and then reborn. And yet, im not leaving completely bleak. There's always those fools who wish for a better tomorrow and Nolan is one of them, he knows we are in a moment of collapse as a society and through these 3 movies he seems to be reflecting on the cause of it all, but there's a sense of hopeful gravitas to this. Really quickly wanna add what i think is the part of this film that's gonna stick with me the most which is how fucking ugly this movie looked (not derogatory). The garish quality of the horse to the mountains to the sea to the castles, a story that should be so grand and epic and glorifying the spoils of war and the battles we have all known and that have informed practically every form of media since are all framed so disgusting and revolting and heartless and grave. There's heartlessness to this film that's is both deliciously enticing and bleak to watch. That talking to the dead scene.....peak stuff...."
La Chimera (2023),"this movie feels like it's walking the greatest thinnest line between reality and fantasy like if it tapped into a different plane of existence. Or maybe josh o'connor is just really hot it was entrancing enough. Idrk what to say but it felt very meditative, what's happens has happened and cannot be changed, we honor the ones who have passed as best as we can, what we have, what are items are to us, what we are to one another, it all exists, it's all valuable, and shouldn't be overlooked or forgotten. beautiful time."
Blue Film (2025),"audacious fearless filmmaking um this fucking dennis cooper chamber drama kinda rocked my world. its just so ugly but also so enticing its so risque without being gratuitous. I dont wanna call it perverted cuz i dont think its intention is pleasure like yeah kieron moore is sexy but the sex isnt sexy. Being used and using, sex as self-reflection, sex as a 10 step plan, the layers of perversity and the self-actualization of deviancy. What really sticks with me rn immediate post watch is the malleability of youth, particularly when it comes to sex and how that mold can stick with one as they get older. Alex definitely knew abt Hank's infatuation hence the gift giving but hes a child and all he feels in that moment is a sense of rejection. Become the rejector as he got older, become the wielder of power, become the air that's both invisible and necessary in another's wellbeing. All stemming from an instance in youth! Im gonna throw up."
The Matrix (1999),Yeah so like its perfect LMFAO
The Matrix Reloaded (2003),Nothing more I love than when an auteur(s in this case) get a blank check movie. It's the first movie amplified by a thousand everything is bigger the leather is flashier the effects are bombastic BUT IT MAKES FOR A FUN TIME. I do somewhat think that the bigness of everything does overshadown character shit but thats a smaller gripe that gets washed away when that tv scene hits or when some cool ass slomo happens or when a blockbuster this big is as shamelessly erotic as this was. Let blockbusters be horny again!!!
The Matrix Revolutions (2003),Not terribly fond of how Zion heavy this movie is but like i cant blame it for being Zion heavy thats like the whole plot LMFAO this series is more interesting when it's less focused on being a blockbuster and more focused on the philosophy of it all and the world-building of the matrix itself BUT VERY EXCITED FOR RESURRECTIONS YAYYY
The Matrix Resurrections (2021),"i really hate to say this because i don't like how it sounds but based on the general reaction to this movie at the time of its release i assumed this movie would be more cerebral? It's kinda exactly what a legacy Matrix film would entail and idk if that's a good or bad thing for me and I truly do not understand why this has such a negative reception when it's not anything exceedingly different for the franchise, the world building is fun, the callbacks don't feel unearned, the new characters are cool, like idk this is exactly what it should be. But for some reason i feel underwhelmed bc of it? I think the first hour is absolutely amazing stuff, the video game shit, the modals, the new morpheus, Neo's memories subjugated to being replayed, his love story being bastardized to the masses, and forced to live in his own private hell were something will forever be slightly wrong. It's great stuff i fucking love when the matrix is smaller scale like this, when it's exploring reality and fiction and memory and choice vs when it's action blockbuster. The scenes of past movies being used as video game footage was genius, The Matrix itself being discussed as a touchstone of film, as a film that's been dissected, reexamined, reclaimed, stolen, all of the above was great and then it's even cooler when u relay it back to Wachowski herself well kinda sad actually bc studios will only fund a film like this bc of its legacy yet will not give her the funds to create more genre defining work post Matrix. The world's she built do not belong to her any longer, yet she still is making one last ditch effort at ownership again. I wish we stayed in this space for more of the film."
Teenage Sex and Death at Camp Miasma (2026),"Sex and candy, an ungluttonous world. Fulfilling one's every desire, shameless in one's insatiability. Pain and pleasure, flesh and fluids. I feel like Tv Glow was such a dense movie thematically and with Teenage Sex and Death, Schoenbrun is having fun. Reclaiming wanting, reclaiming lust, validating theirs and many's feelings over what sex can be. What good sex can look like, what perverted, not socially okay in a traditional sense sex can feel like. Letting sex grab you by your hair, letting a little death take over your body. To brazenly tell another i want your sex and i want it this way no matter how deviant it feels. Eating all the candy in the world til youre left laying in a gloriously plush mountain of tinsel. The mulholland drive energy was strong."
Mulholland Drive (2001),Oh baby I've told every little star Just how sweet I think you are Why haven't I told you? MAINLY REWATCHED bc i craved Naomi Watts' performance as Betty cuz its the greatest performance ever I LOVE HER GIDDYNESS she didnt know she was abt to get played in her face bad😭😭i love how Lynch understood how juvenile dreams are. Yes in my dream i am the worlds most perfect and versatile actress and ofc things come easily and theres a sense of suspense and danger and romance but everything turns out okay bc its my dream world. And everyone is subservient and relient and kitsch. Pretend its real until it becomes real.
I Want Your Sex (2026),"when the world needed him most he's returned THANK U GREGG ARAKI THIS WAS GREAT, i think its really fascinating that 2 queer filmmakers released films about sex this summer and how straightforward both of them were, we used to have mfers do subtext and be coy and trauma porn gay shit and sex shit but this and camp miasma are just so audaciously sexual. Sex is performance of the utmost kind, the ultimate performance in a way, who are we really deep down in our bones at our most vulnerable states but unwinding tangles of rope trying not to get caught in knots again. FREE YR MIND, get some, go for what u want!!! cooper hoffman i will have u....lowkey went crazy when that slowdive hit gregg welcome me home"
Affliction (1997),movie ended and i immediately remembered it was my dads birthday today ugh talk about irony kid
Men (2022),fuck going on
Akira (1988),that 4k restoration made me cream my pants omfg
Linda Linda Linda (2005),"LINDA LINDA LINDA LINDA LINDA, one of the best atmospheres in a movie ever kinda? Rock music rules"
The Brood (1979),"extremely underrated cronenberg? Um yeah didn't expect to love this so much and to be effected deeply by it emotionally um fuck parents can mess you up huh😭😭really just sitting in the guilt and shame Nola has over what she's done and what's been done to her, how one desperately wants to be the one to break the cycle yet the parental rot still seeps in somehow and continues it. Exterminate all reproduction methinks...."
Erupcja (2025),"not sure if this 5 is permanent but rn it feels right? (It wasnt) This movie had such a unique tone to it i wanna say a nonexistent tone but that doesn't feel like the accurate word. It's so light like it feels weightless feels like its standing 2 inches off the ground, it feels like casual filmmaking but also like holds super inventive and cool framing and editing. Love the volcano shit, love the color transitions in the middle, love the mix of techno and classical in the scoring, charli was a really evocative lead and super natural i could see disatisfaction and disappointment in her own dissatisfaction in her performance. Has this Y Tu Mama Tambien mixed with some stilted Aki Kaurismaki-isms mixed with some Happy Together nature/romance mysticism. Loved this."
East of Eden (1955),"extra star for james dean alone but yeah pretty lackluster adaptation icl im heavily biased bc Steinbeck's novel and Cal are very near and dear to my heart but this movie lacked the gravitas of the novel and am i crazy to say Dean's Cal didnt feel tortured enough. Book Cal feels like a walking cloud of shame and guilt and rot and if you wanna make a movie framed entirely around him add more than him being upset hes not the favorite son. Some nature vs nurture shit, add Lee in there, make the town a character, something!!"
Primetime (2026),"thin nasty blurry dirty line between surveillance and voyeurism, sensationalism trumps everything when all we want to do is point the finger and feel better than others. To look at oneself in the mirror and think hey im not that bad of a guy despite the plethora of bad things one has done. Rpatz exceptional as always, phoebe song in the credits needs to be released IMMEDIATELY."
