film_key,review_clean
Memories of Murder (2003),"A chilling narrative about the incompetency of the policing standard in the 80s, Memories of Murder delves into the investigation of the rapes and murders of several women in an urban district of South Korea. Great performances from the cast and Bong Joon-Ho creates an eerie and stressful atmosphere with his cinematography. The ending leaves you empty yet satisfied, leaving you to fill in the gaps in the case as if you were one of the protagonists."
Dead Poets Society (1989),"Dead Poets Society is a heartfelt, tear-jerking story of a group of boys learning how to express themselves through poetry and art. The chemistry between the cast is exceptional and it feels like a real group of friends. Robin Williams was just fantastic in any role he played, and Dead Poets Society is no different. He plays the emphatic English teacher that inspires the group to pursue what was true to themselves."
Sexy Beast (2000),"A heavily underrated crime boss movie that twists every expectation of the sub-genre, boasting a solid performance from Ray Winstone and an absolutely timeless one from Ben Kingsley. Glazer has one of the coolest filmographies out there."
The King's Man (2021),"A minor improvement on the shambles that was the second film, The King's Man is an okay addition to the Kingsman franchise but fails when it takes itself too seriously. A predictable plot twist that wasn't really necessary. More Rasputin would have been appreciated, and I strongly believe he would have served as a better antagonist."
Pulp Fiction (1994),"A lot slower paced than Tarantino's other films, but I didn't mind at all. The direction and production is very good as always with a cast that's perfectly suited to providing an engaging atmosphere across overlapping storylines."
Rushmore (1998),"This is Wes Anderson's best film. It delivers on all fronts from being funny and wholesome, while also being deep and emotional."
The Darjeeling Limited (2007),The premise of this film of it being told as the journey progresses along the train is brilliant and by far the best part about this film. The scenery and atmosphere are beautiful but I feel like it could have been taken a bit further with a deeper dive into the relationships between the characters to make it even more poignant.
The Silence of the Lambs (1991),Anthony Hopkins is perfect in every scene he's in and steals the show in the little over 16 minutes he's on screen.
The Godfather (1972),"Ok, I get the hype."
The Shining (1980),Jack Nicholson and Shelley Duvall are utter perfection in this.
Indiana Jones and the Temple of Doom (1984),These movies are much darker than I thought they'd be. Also I'm gonna have the theme stuck in my head for ages.
Racing Stripes (2005),"Racing Stripes is a vacuous mix of Cars and Babe and manages to be worse than both. The CGI on the mouths of the talking animals is so distractingly bad that it almost makes me forget about the horrible dialogue coming of them- they somehow manage to stuff every clichéd line you could possibly think of and get 102 minutes out of it. All that dragged out time to reach a conclusion that I could have told you by reading the title or looking at the poster. The film exhausts every possible way of saying that Stripes doesn't fit in and that he's the underdog that you become tired with the number of times it's said, as if we didn't understand that the first time or from the fact that he's a zebra racing amongst horses. I really don't know why I watched this. The 1 1/2 stars is for imagining what it looked like watching David Spade delivering lines about eating horse shit. Also Wendie Malick playing Beatrice Horseman in human form."
Legend (1985),"Legend doesn't offer much more than it's stunning looks. The story is an incoherent attempt at a fairy tale version of Blade Runner - the characters are one-dimensional, the dialogue is pretty poor and the story doesn't really go anywhere interesting. I think it may have fell victim to Ridley Scott's aim to make this a dark adventure story, but it doesn't really stick to either direction of tone. It should have either been a light, heartfelt film with a vividly impactful style or a darker fantasy tale. Ridley Scott doesn't really make that distinction with Legend , but yeah, it really does look phenomenal, and Tim Curry's devil is just superb."
"Hail, Caesar! (2016)","Hail, Caesar! is the Coen brothers' love letter to cinema by being a comedy, mystery, historical drama all at once while not being that good at any of them. I feel like it was just a barrage of niche references or homages that I didn't get, along with an overstuffed format, which made the whole experience pretty boring. There are definitely moments I enjoyed, notably Josh Brolin and Alden Ehrenreich's performances as well as Channing Tatum's dance routine, but they're not enough to redeem this into being more than just an average film."
Dr. Strangelove or: How I Learned to Stop Worrying and Love the Bomb (1964),"Probably the weakest of the Kubrick films I've seen, but mainly because I feel the humour doesn't really translate over as well over time. There were definitely moments were I laughed, like when Ripper blamed his decline in the bedroom on a conspiracy theory that the Russian's were poisoning the water, but in general I felt I couldn't really connect with any of the characters. This disconnect as well as the dark comedy combined with superficial characterisation do make for a pretty brilliant political satire which pokes fun at the poor decision making in government institutions (particularly during the Cold War)."
Kimi (2022),I'm glad I'm not the only one who does the awkward hand wave to dry my hands after using hand sanitiser.
Perfect Blue (1997),"A sign of a great film is not being able to stop thinking about it once the credits roll. That's exactly what Satoshi Kon has achieved with his debut feature Perfect Blue . A story of expectations, of both oneself and from others, and whether these bars that are set for us are too high to reach. It would be hard to write a review about Perfect Blue and not talk about the prominent film that it inspired, Darren Aronofsky's Black Swan . While Black Swan tackles the theme of obsession as the incessant practice to master one's craft, Perfect Blue flips that on it's head, and looks at obsession in the way in which it is directed to someone in the limelight. It sees fame as an outlet to which young women are often exploited, with their decisions being made without their consent. As a result, a rift is formed in Mima's very being, splitting herself into 3 distinct parts: one which conforms to the patriarchal view of what she should be, one which remains as a pop star that blindly follows the path that others have set out for her, and the other which exists outside these two paths, but deems herself to be a victim of her own shortcomings and failures and so succumbs to a murderous instinct. But more than that, this third persona is deemed unworthy by an industry she has given up everything for, just to be replaced by someone younger without a second thought. Perfect Blue expertly creates a blur between reality and dream- Mima's final words of ""No. I'm the real thing"" offer hopefulness, in that she is living proof that it is possible to leave this box of expectations. And while I am a sucker for an ambiguous ending, this one seems fitting enough."
The Godfather Part II (1974),"While The Godfather was a grandiose, flashy introduction into the Corleone family as part of larger mafia empire, The Godfather: Part II treats this as the norm, as a way of life. Don Michael Corleone is a leader who keeps his cards close to his chest; who doesn't need ostentatious displays of his power to make the others in the room feel it. In fact, we don't see Michael directly impact anything throughout the film, and instead his direction is fed through his chain of command, with instructions delivered through something as simple as a glare. That's the genius of this film- Michael stares deep within the souls of those around him, while he slowly loses his own. In the final shot, we see a close up of Michael, covering his mouth with his hand, but with his eyes in full view, as he calmly sits, contemplating all that he has lost."
Schindler's List (1993),There's not much else I can say other than that this is a masterpiece. It's been said a million times but how on Earth do you put this and Jurassic Park out in the same year?
Spectre (2015),"Spectre had all the ingredients to become a great Bond film: Christoph Waltz as the villain, Léa Seydoux as a Bond girl, and Sam Mendes returning to direct after bringing us the brilliance that was Skyfall . But unfortunately it just falls flat. For starters, the title sequence was horrible, and the song doesn't really do it for me. Also, by no means am I saying Waltz was a bad villain, in fact, his presence was menacing, but I found his introduction and his very existence to be pretty lazily written. To just say that he was behind everything that Bond has endured comes out of nowhere, and it just feels all a bit too coincidental. Overall, Spectre is visually impressive (although not quite as impressive as Roger Deakins' work on Skyfall ), but undeniably dull."
Vertigo (1958),"The dream sequence was my favourite part, but I think it may take some time for me to fully appreciate this for what it is."
The Thing (1982),"John Carpenter's The Thing goes perfectly hand in hand with Ridley Scott's Alien in that they are both pinnacles of their genre that make use of some grotesque yet impressive practical effects. Carpenter instills a chilling sense of fear and paranoia; the type that causes friends to turn on each other in an instant, bringing forth a layer of harsh unpredictability. The score only further adds to this chilling atmosphere, if the unforgiving Antarctic blizzards weren't enough. All these aspects combined with Kurt Russells iconic performance cement The Thing as an absolute classic and a staple in the horror genre."
House (1977),There's a point in this film where they mimicked the saxophone in the score with the cat's meowing and I feel like that really resonated with me on a spiritual level.
Scarface (1983),Yet another stellar performance from Al Pacino that he didn't win an Oscar for. Devastating.
My Neighbor Totoro (1988),This was so cute. I just couldn't stop smiling throughout. There's something about Studio Ghibli films that make me so inexplicably happy. I think I preferred this to Spirited Away .
Kiki's Delivery Service (1989),"One of the things I like most about Hayao Miyazaki's films is that there's no need for an antagonist. The only battle is the overcoming of one's struggles, which makes them all the more personal and wholesome. In Kiki's Delivery Service , this struggle is both responsibility and self confidence. I loved the little detail at the end how Jiji meowed instead of talked, signifying that Kiki doesn't quite have everything under control, and she still has some improvement left to do if she wants to make it back to her best."
Rashomon (1950),That shot with the medium was so cool.
Chungking Express (1994),"Chungking Express has this ethereal dreaminess to it, a similar feeling captured in Sofia Coppola's Lost in Translation . While visually striking and poetically written, I do think it missed out on not having a more substantial bridge between the storylines in its two halves, rather than just a thematic one."
Shang-Chi and the Legend of the Ten Rings (2021),"The best action sequences and some of the best cinematography in the MCU. Tony Leung kills it in every scene, making Wenwu easily top 5 villains. Needed less Awkwafina and more Michelle Yeoh though. Wish the climax wasn't a big CG fest, but hey it's the MCU, what you gonna do? Also, Anderson .Paak's Fire In The Sky in the end credits may be one of my favourite outro songs to a film."
Winter Light (1963),"""If there was no God, would it really make a difference"" One thing shared between Schrader's First Reformed and Bergman's Winter Light is their unequivocal bleakness. Bergman makes use of a painful silence, to push the feeling of cynicism and hopelessness towards humanity even further than Schrader did. Though First Reformed captured the theme of sin and vice better than Winter Light did, Bergman's film shows the loss of the comfort of faith through skepticism of God's existence in a more poignant manner, and his exploration into the inner turmoil of a man who sees himself as a living contradiction is deeply powerful. While I do prefer Schrader's more extensive study into the sinful actions of humanity as well as the secularism of religion, Bergman achieves most of this in only 80 minutes, which is undeniably impressive."
Tetsuo: The Iron Man (1989),A twisted amalgam of surrealist body-horror and the metamorphosis of technology to create an otherworldly atmosphere.
Psycho (1960),"Hitchcock's direction and camerawork is obviously incredibly good, but what makes Psycho work for me is Anthony Perkins' outrageously brilliant performance, bringing to life one of the most iconic villains in all of film."
Close-Up (1990),"Close-Up is an introspective character study of an impoverished man posing as famed director Mohsen Makhmalbaf in order to gain respect from others. Kiarostami allows the people from the real-life case play as themselves, adding a whole new layer of depth to people otherwise fairly unknown. This makes the film feels even more natural and human, complemented thoroughly by the editing and direction. Kiarostami provides a platform for Hossain Sabzian to explain his actions, as to why he'd rather represent himself as another, more accomplished man than himself. The film is not only a deconstruction of the influence of cinema on people, but an investigation, not dissimilar to Farazmand's journalistic process, into those same people, and their dreams, desires and motivations."
Porco Rosso (1992),"""A pig's gotta fly"""
Pulse (2001),"Pulse makes use of sepulchral, brutalist Japanese architecture and a masterful use of light, or lack thereof, to enforce an air of terror. I appreciate the fact that Kurosawa's trusts the audience's intelligence enough as to not spell everything out for them. Keeping things vague and mysterious only adds to the horror further. There are some scenes in this film that are honestly so petrifying that they will be etched into my mind forever. Apparitions hide as shadows which bleed into the darkness. Ghosts are the embodiments of the loneliness we feel in life, which are forced to continue to walk the Earth, cursed to live with this eternal solitude into death. As the usage of technology rises, meaningful connections collapse, and we lose those closest to us to the darkness. One of the brilliant ways Kurosawa decides to convey this loneliness is by making the film very empty. Not only is it mostly devoid of colour, but it's also devoid of crowds of people: the public transport has nobody on it, and neither do the streets. Even the sound design flippantly goes between a harsh, screeching score to completely nothing in the following scene. He uses the internet as a system- a means of connection between people that slowly collapses, causing more and more people to succumb to the emptiness, and causing the flashing and jarring glitches of footage to become more frequent. This results in the enigmatic finale, where all collapses around our protagonists, as they attempt to escape amidst the chaos. Kiyoshi Kurosawa knows exactly how to make his films feel as haunting as possible, and Pulse is no exception to that, with every scene as terrifying as the last."
Alien Resurrection (1997),"Just when I thought the Alien franchise couldn't get much worse after Alien³ , Alien Resurrection comes around to prove me wrong. It's riddled with awful filmmaking decisions and terrible, misogynistic dialogue, of course a symptom of Joss Whedon's pathetic writing. Sigourney Weaver and Winona Ryder do their best to try and rescue what little they can of this dreadful film, but it's simply not enough. They should have just left Ripley to die and let her escape this franchise. The special effects were half decent at least, which made parts of the film a little entertaining. On the bright side, at least I get to watch Prometheus next, hopefully Ridley Scott can offer some redemption."
"Paris, Texas (1984)","At least Paris, Texas has the added bonus of not having any French people there."
Mistress America (2015),"The Noah Baumbach and Greta Gerwig combo remains undefeated in this 84 minute theatrical manifestation of the millennial experience in a big city. Brooke and Tracy are both young, ambitious women aiming to fulfil their ambitions while also trying to figure themselves out. Baumbach uses his quintessential fast paced dialogue to make us feel like these relationships have been going on for much longer than they appear, which proves to be both a positive and a negative in Mistress America, as while it feels in tune with a present day conversational experience with an abundance of cross talking and redundant verbiage, it ultimately makes some of the less recurrent characters such as Brooke feel slightly underwritten. As a result, the ending sequence feels a bit rushed, which another 15 to 20 minutes would have fit nicely. In spite of this, the dialogue and the characters make Mistress America one of Baumbach's most enjoyable films, with sharp-witted comedic moments well balanced with the more hard-hitting ones. While it may come across a little cheesy or pretentious at times, I feel this fits in well with the characters and makes sense for the kind of vibe the film is going for. Lola Kirke does well in her role, and the chemistry in the scenes with Gerwig's character is where she really shines."
The Face of Another (1966),"Visually, The Face of Another is unbelievably well done, with Hiroshi Teshigahara leaving me mind-boggled at times with how he pulled off some of these complex shots. As for the films themes, it pulls off its ideas about identity and self well, but without a whole lot of nuance. With most of the dialogue being solely about the mask, it's hard to focus on much else. It doesn't take much of a break from it's nihilistic sentiment either, which can lead to the film dragging at times, especially in the second half. While I do very much appreciate Teshigahara's intention and craftsmanship, as well as Segawa's beautiful cinematography, The Face of Another just feels a little empty to me, and goes on for a bit too long."
8½ (1963),"Federico Fellini's 8 1/2 is perhaps one of the most self-referential, meta films I've seen, as it is itself a film about an artist's inability to create, told by an artist who is unable to create. A filmmaker whose lack of inspiration becomes his inspiration. A cinematic personification of procrastination. 8 1/2 is so self-referential in fact, that its very title is a reference to the number of films Fellini had created up until that point. Marcello Mastroianni plays Fellini's alter ego, Guido Anselmi, an artist strained by his shortcomings as a man and as a filmmaker. He continues to be troubled by the ghosts of his past, fading in and out of dreams until his motivations in those become indistinguishable from those of his current reality. Both cinematographer Gianni Di Venanzo and composer Nino Rota work in unison to create an illusive atmosphere, with the popping bright white canvases and symphonies of classical music painting the background of the film. While the first half didn't grab me entirely, the second half blew me away, and there's no doubt in my mind that there's something in everyone that can relate to parts of 8 1/2 , and on repeat viewings, I can only see that feeling growing."
City of God (2002),"City of God feels way longer than its 130 minute runtime, but this in no way is a criticism of its pacing or excitement. In fact, it is a testament to how much it accomplishes in that time. Fernando Meirelles and Kátia Lund paint a perfect portrait of the lives of these impoverished Brazilian kids living in the favelas of Rio de Janeiro. Children living in a godless hell where every action is shrouded in the ulterior motives of revenge or climbing up the ladder of power. ""Why return to the City of God, where God forgets about you?"""
Yi Yi (2000),"Edward Yang's Yi Yi is no doubt a momentous film, much more than the familial drama it appears to be. Sean Baker described the film as almost being a period piece, despite it being released only just over 20 years ago. I agree with this sentiment wholeheartedly; Yang elegantly depicts Taipei's modernistic development for the time as the 20th century turned to the 21st. As a result, this development has changed so incredibly rapidly since then, leaving Yi Yi feeling like a foregone relic. Yet, in a time of accelerated growth and connections, it's themes are more pertinent than ever. In the film, the Grandmother slips into a coma after suffering a stroke. Each family member comes to her in their own time and confesses their truths, knowing full well they won't receive an answer. This exchange represents the matriarchal values of a past time, and showing us, the viewer, the afflictions these individuals are experiencing throughout different stages of life. These individuals are connected not only by familial relation, but by the choices that they have or haven't made. The older generation reflect on their choices from what feels like a previous life, seeing whether the things they left behind were worth it. Meanwhile, the children are making all these decisions for the first time, following in the footsteps of the adults they believe to have all the answers. Yi Yi 's narrative spans generations, holding focus on the little, fleeting moments we may forget as a kid, and contrasting these with the big decisions we have to face as an adult. To tie these stories together, Yang begins Yi Yi at a wedding, and ends it at a funeral. As I said before, Yi Yi is a momentous film, and I could write pages upon pages analysing it's complex characters and brilliant narrative, but I think it's best to just experience it for yourself."
Yojimbo (1961),"Yojimbo was actually pretty goofy and funny, not quite what I expected of a Kurosawa film but it was a welcome surprise. Contrast this with the violence spouted from the gang war, and you get a excellent blending of themes that isn't easy to accomplish. It's clear to see Yojimbo 's influence on the westerns that followed, even though I haven't seen many (besides Star Wars of course), as well as Kurosawa's influence on film in general. Excited to see what Sanjuro brings, because I really enjoyed Toshirō Mifune's performance in this."
Harold & Kumar Go to White Castle (2004),"This film is absolutely braindead and I love it. I can only imagine how much better these stoner comedies would be if I was actually high while watching them, but I gotta say, this ranks pretty high on that list. See what I did there?"
Good Morning (1959),Uh oh... stinky.
Broadcast News (1987),"There was a time in my life where I wouldn't have given a romantic comedy a chance, half expecting to be run down by a bombardment of clichés and kitschy melodrama, but I'm glad I've taken a turn since then, otherwise I wouldn't be able to appreciate the brilliance of films like Broadcast News . With a charming ensemble cast, and a superb screenplay by James L. Brooks, Broadcast News manages to expertly achieve the classic romantic love triangle trope without it feeling banal. As well as this, it manages to serve as a unique story of ambition over desire; trying to balance what you want with what will get you the furthest. It does this brilliantly through the medium of media, contrasting the way someone portrays themselves behind a camera to how they are in front of one. What truly makes Broadcast News work, however, is the cast. Holly Hunter, Albert Brooks and William Hurt are all phenomenal and give all timer performances that I won't soon forget. Hunter in particular was just wonderful every time she was on screen, delivering the exceptional dialogue with a charisma that is ever so delightful to see."
Knight of Cups (2015),"Much like the other Terrence Malick films I've seen, Knight of Cups is undeniably gorgeous. Lubezki's cinematography is second to none, and truly adds a whole new layer of introspection to the film. The camera wanders endlessly as a silent observer. Much the same, Rick has felt like an outside observer to his own life, watching the years tick away with wealth, power and mangled relationships. You definitely need to be in the right sort of headspace to watch a Malick flick. They are so deeply rooted in allowing the viewer to join the characters on their journey, empathising with their experience. Depending on how you're feeling, Knight of Cups could feel like a glorified perfume commercial, or it could feel like a deep deconstruction of self, with glorious cinematography and a beguiling sense of contemplation."
Sympathy for Mr. Vengeance (2002),PCW simply does not miss.
Whisper of the Heart (1995),"It's so easy to find something to relate to in Ghibli films, no matter what stage of life you're at, which is, I assume, part of the reason they're so beloved. It's difficult trying to figure out how to balance what you have to do with what you want to do. Finding the time for both is no easy task, and Whisper of The Heart demonstrates that perfectly. As for the animation, it's almost like they're showing off here because it's just that good. From the sun rising amidst the city skyline to simply the train moving along the tracks, there's a meticulous level of detail in every frame, which just shows the love and care that goes into making these films. For now, Whisper of The Heart is my favourite Ghibli."
Win It All (2017),Probably the most convenient heart attack of all time.
Petite Maman (2021),"I can't really put into words how much I loved Petite Maman. It's a film where emotions can only be explained by experiencing them. It's weird how much time we spend with our parents without ever really getting to know them. Whether things are better left unsaid or not, we only ever really obtain these small snippets of their lives through stories. Céline Sciamma has such a skill for bringing these stories to life through her films, and I adored every second of this one."
High and Low (1963),"High and Low is a film as deceptively simple as its title. Toshirō Mifune nails his portrayal of a more modern man, and Kurosawa's stab at noir is everything I could have hoped for and more. We start the film in the house, which sits on the hill above the rest of the city, of business magnate Kingo Gondo, as he argues with his fellow shareholders about a potential takeover of the company. Later on, he gets a phone call saying his son has been kidnapped. Kurosawa uses scene framing perfectly here to make us feel suffocated, crowding people together in small spaces to create tension. Once it becomes apparent that the kidnapper took the wrong child, a conflict arises, presenting Gondo with the moral dilemma of whether he would do the same for the chauffeur's son that he would do for his own. This decision creates a sense of high and low in terms of status: whether the chauffeur's son's life is worth as much as a wealthy businessman's. We spend the first half of the film almost exclusively in Gondo's house, never seeing things from the kidnapper's perspective, until a point where the film becomes a police procedural, with the entire force gathered trying to figure out ways to catch the kidnapper. We see the city from a lower point, amidst the poorer folk, while Gondo's house is visible from above it all, much in the same way as Mount Fuji is seen as this constant presence. Slowly, we begin to see more from the kidnapper's perspective, instead of him just being a voice behind the phone. Alongside the police investigation, we as the viewer also feel like we're learning more about the kidnapper's identity, until the very end of the film, where he reveals all in an outburst of frustrated emotion and he's taken away by authorities, until we're left with Gondo's reflection, heralded for his actions by the public but nevertheless reduced to the lowly shoemaker he once was."
Nights and Weekends (2008),"There are many facets of the mumblecore subgenre that I love; part of that is the sense of realism it brings to the film that you don't really get from other dramas. I mean, who else would think to open a film with an awkward kerfuffle of removing clothes before sex? The reason films from directors like Noah Baumbach or Greta Gerwig gel so well with me is the combination of this naturalistic style with excellent directing and a more-often-than-not first-rate script to boot. Perhaps I can forgive some of Nights and Weekends due to it being a directorial debut (for Gerwig that is, Swanberg not so much), but on the whole, it just felt like it lacked purpose. There are definitely moments that feel reminiscent of the more polished Baumbach features like Frances Ha , but others feel like they're trying to evoke particular feelings for no reason as they lead to nowhere, especially with that weak ending."
A Brighter Summer Day (1991),"There's really so much I could say about A Brighter Summer Day . It's no doubt the biggest Yang film I've seen, and that's not even in reference to the runtime. In many ways, the film feels like a novel- an epic familial saga with an underlying story of crime, feeling like equal parts Yi Yi and City of God . Edward Yang has this incredible ability to make this particular event on which the film is based feel both substantial and personal, with each small moment having significant implications. The choreography of Yang's design is awe-inspiring, and I don't think I can think of a single director who does it better; the immaculate use of negative space and blocking is just bewildering as to how well it's executed. I don't think there's any uncertainty in me calling Yang one of my favourite directors now, an impressive feat considering I've only now seen three of his films."
Stalker (1979),"Going into Stalker as my first Tarkovsky film, I was under the impression from others that his films are very slow burns and the word ""boredom"" often appears. For the first hour or so, I felt the same way. Then, we, alongside The Writer, Professor, and Stalker, embark on a journey to find a room inside a forbidden zone that can grant you your deepest desire. The film at this point takes a turn for the metaphysical, with long takes of symbolic imagery and philosophical dialogue. Upon the revelation of this room, we as the viewer think we would enter it without a second thought, but Tarkovsky employs us to consider the cost of this decision. The camera follows our ensemble like a weary watcher, or silent witness, staring from afar through these eerie passageways. Upon their arrival at the room, the professor and the writer question whether they even want to go inside, doubting its legitimacy while also wondering whether it would be worth the cost even if it were real. They say that even if they did enter this room and achieve their desires, they would have a moral responsibility to make sure nobody else could do the same, as just because they are deemed to be good doesn't mean other people will be. This demonstrates a key principle of the film: wouldn't they be evil if they don't allow others the hope of salvation? This in turn becomes a hypocrisy in itself as the room is supposed to only allow in those with pure intentions. Going into the room forces you to confront your deepest desire, and whether it is what you expect it to be is the biggest challenge. We are transported to this otherworldly plane inside 'The Zone', where the normal rules of left and right do not apply. The Professor and The Writer, being both men of logic and reason, reject this notion and refuse to accept that the room exists solely in faith, a quality The Stalker has in abundance. While he is not lacking in belief, The Stalker is sparse in willpower and guides others to their desires while he cannot fulfil his own. Of course, Stalker can be seen as an allegory of faith and the tests that one must overcome along the way, but Tarkovsky allows the film to be much more open than that, and it could be seen as a search for the meaning of life from the perspective of doubters. Coming back to the cost that must be paid in order to achieve one's desires, it seemed fitting that my first experience of Tarkovsky's work was what caused him so early to make his last, and ultimately the film that ended up taking his life, as well as the lives of his wife and Anatoly Solonitsyn, caused by the contamination from a chemical plant near where they shot the film. It's hauntingly beautiful in a way that this selfish decision from Tarkovsky was the very thing that led to the tragic deaths of these people. It's this context that elevates Stalker to masterpiece status for some, and I wouldn't blame them. For a man who believed that man's purpose on Earth was to create profound works of art, he sure sacrificed everything in order to fulfil it."
The Invisible Man (1933),"So this is officially the oldest film I've seen, and wow, was I impressed. Not only was it wildly creative and impressive technically for the time, but it was also pretty funny too. I may have to watch more James Whale films."
Valerie and Her Week of Wonders (1970),"Valerie and Her Week of Wonders presents itself as a series of disjointed segments, where nothing really follows on from the last event. Whether this is just a means to obscure its pretty clearly exploitative plot, I'm unsure, but there's no doubt that the film is visually stunning. It's certainly a mastery of surrealism from Jireš, but despite this, I can't say I can overlook its downright disturbing qualities. I assume it was the intent for these scenes to be uncomfortable, but knowing that doesn't really take away from how uncomfortable they are. On the other hand, you can really feel what Jireš is going for here, controversial or not. The themes of naïveté, passion and sexuality all become apparent in this psychosexual fairytale of colliding imagery. Nevertheless, I just can't get past the earlier sentiments."
Vive L'Amour (1994),"We walk past strangers every day of our lives. They only really exist to us in those fleeting moments we interact with them, be that a simple glance or a conversation. It seems trivial to say, but of course, behind this interaction there's a whole different person-one with emotions, dreams, and troubles just the same as anyone else. For those few intimate moments, we are bonded by this commonality. Vive L'amour follows the intersecting lives of three strangers, all of whom are struggling to find their place in the world. Much like in Yang's Taipei Story , Tsai Ming-liang explores the search for connection in the rapidly evolving urban culture of Taipei, which so often feels indifferent and hostile. This feeling is only amplified by Tsai's camerawork and carefully crafted mise-en-scène, which allow the surroundings to feel cold and impersonal while the connections are real and tangible. There's a distinct contrast between the relationship, or lack thereof, between both May Lin and Hsaio-kang and Ah-jung. May Lin is struggling to find meaning in her work, so she seeks to fulfil her desires through her relationships with men. Upon meeting Ah-jung, she finally feels that she may be able to fill the hole she feels she has. Hsaio-kang attempts suicide in an apartment that isn't even his, showing his lack of attachment to anything in his life. By the end of the film, we see May Lin having sex with Ah-jung while Hsaio-kang masturbates under the bed. May Lin leaves, and Hsaio-kang then shares a deeply personal yet unreciprocated moment of intimacy with a sleeping Ah-jung before pulling away. May Lin is next seen weeping on a bench while the sounds of city traffic pass by. This scene lasts for almost 5 minutes. Both May Lin and Hsaio-kang end up alone, despite their shared moments of intimacy, just as if they were strangers on the street passing each other by. The city continues as it was, as if nothing had ever happened at all."
Kwaidan (1964),"""Some of the old tales of Japan have come down to us in curiously unfinished form. Why were they left unfinished? Perhaps the writer was lazy. Perhaps he had a quarrel with his publisher. Perhaps he was suddenly called away from his little desk and never returned. Perhaps Death stopped his writing brush in the middle of a sentence."" A guilty conscience. A broken promise. A lost tale. A swallowed soul. These four stories tie together the saga of Kwaidan . Based on traditional Japanese ghost stories and folklore, Kwaidan is nothing short of a work of art, with stunning set design and boasting some of the best visuals I've ever seen in film. Its anthological style allows the 3 hour runtime to breeze by, and the use of colour and lighting is simply masterful, immersing the viewer in its eerie atmosphere almost instantly. While it may not exactly be horrifying, it certainly carries an otherworldly sense of mystery behind it, a feeling especially prominent in my favourite of the four stories, ""The Woman in the Snow"", for which I could have watched a whole film on its own."
Snowpiercer (2013),"The first time I watched Snowpiercer, I can't say I was well versed in the world of cinema, let alone familiar with any of the works of South Korean auteur Bong Joon-ho. At that time, I thought it was a fine movie, certainly captivating in its premise, but somewhat limited by it at the same time. I mean, there's only so much you can explore within the confines of a moving train. Despite this restriction, Bong Joon-ho does manage to create a discourse on political structures, as well as societal classes and even environmental concerns. Albeit, it seems to try and tackle too much and winds up accomplishing too little, leading me to feel more or less the same about Snowpiercer as I did back then. Go figure."
Retribution (2006),"Retribution may not be as scary as Cure or Pulse , but one thing it does incredibly well is slowly peel back the layers of its meaning. It feels the most personal of the Kiyoshi Kurosawa films I've seen thus far, unravelling itself as a haunting love story, a substantial step away from the police procedural it begins as. This shift is more than tonal though; you can physically feel the atmosphere change throughout the film, and it's one of the things I admire most about Kurosawa as a filmmaker. From the precise set design to the practical effects to the manipulation of the sound, every aspect of a scene feels purposeful, and while it may seem simple, it's a level of mastery that most filmmakers wish they could achieve."
The Square (2017),"""If you place an object in a museum, does that make this object a piece of art?"" After watching Triangle of Sadness , I said I was excited to explore the rest of Östlund's oeuvre, and I'm so glad I finally did. The Square , much like Peele's Nope from last year, is a story about spectacle. But instead of being about our desperation to capture a spectacle, The Square explores our aversion to one. It questions the classification of art: what qualifies and what doesn't, and more importantly, who decides? Is it up to the cultural elite or the common man? I must say that I feel like Östlund has mastered the ability to create uncomfortable situations without there ever being an outburst or shouting match that results from it. These moments perfectly encapsulate the characters he's trying to portray while often being hilarious at the same time. But again, who am I to decide what's uncomfortable and what isn't, and why does one moment of insincerity make me more uncomfortable than another? These are all questions that Östlund begs of the viewer throughout The Square , and Claes Bang in the leading role does excellently to tie them all together. All the themes of power, masculinity, and class imbalance coalesce through his characterisation, and they come together brilliantly throughout the film. A first of two Palme d'Or wins for Östlund, and it would be hard to argue that it wasn't deserved."
Maelström (2000),Can I get some French fries with that French fish?
Kicking and Screaming (1995),"I can't tell whether this comforts or terrifies me considering I'm graduating this year. Oh god, I'm graduating this year."
Ivan's Childhood (1962),"Ivan's Childhood is so impeccably shot and crafted by Tarkovsky- the camerawork and usage of blocking are just phenomenal. It follows the story of a boy so burdened by the experience of war that he knows nothing else besides it; his innocence stripped away just as quickly as his family was. Tarkovsky manages to depict the severity of the war-torn landscapes while also allowing the film to feel deeply human, with the connections between this boy and the soldiers, but that feeling is annulled by the film's overwhelming bleakness. So much so that at times it felt like a horror film, and at the end it gives us a glimpse of what Ivan's life could have been."
Black Girl (1966),"There's no doubt Black Girl is effective in its messaging on colonialism, which acts as a sort of prison that stops someone like Diouana from living her life to the fullest- a notion that her employers, or more aptly, slavers, take for granted. On a technical level, the film is most certainly lacking, but at times it almost adds to the humble charm of Sembène's debut. It's absolutely an important film on imperialism and social divide, as well as being the first feature film ever released by a sub-Saharan African director, but it definitely lacks depth in parts, and I just wish it held the same level of complexity that the epilogue had throughout."
Eyes Without a Face (1960),"A little too slow moving for me, and it probably should have been a little shorter, but when Eyes Without a Face hits, it hits hard. The combination of the impressive practical effects and some really cool visuals elevate this to being a horror must-watch- it would be a good film today, but it would have been quite something to witness in the 60s I'm sure. All the scenes around the surgery were so fascinating to watch, and those alongside the great ending are probably the reasons why I slightly prefer this to a similar film like Teshigahara's The Face of Another , which is probably a hot take. But in that same thought, both films are so eerily poetic that it's so interesting to watch them unfold, especially with the sprinkled lines of philosophical dialogue throughout each."
Water Lilies (2007),"I've always preferred the more subdued coming-of-age films to the more overt ones, and Céline Sciamma's debut Water Lillies is a great example of the former. Most of the time, it's much more effective to allow the audience to feel the impact of a small moment so we experience it at the same time as the characters, rather than to beat the audience over the head with its message. While something like Eighth Grade captures the zeitgeist of that era of teens growing up, Water Lillies is able to become much more than that, exploring themes like femininity, sexuality, and friendship that can pertain to any time, much like how Marie and Floriane are at different stages in their lives."
The 400 Blows (1959),"The 400 Blows essentially sums up what I miss and don't miss about being a kid. The freedom of being able to just do something on a whim without thinking of the consequences, or the feeling of being in the back of your parents' car after a day out and just feeling content. Conversely, it shows Antoine being constantly neglected and not being taken seriously for anything he tries to do. I wanted to delve more into French New Wave cinema this year, and I thought there wasn't a much better place to start than with one of the pioneers of the era, François Truffaut, and one of the films that is said to have garnered more international acclaim towards the movement. It's safe to say I'm enthusiastic to see more from this period."
A Hidden Life (2019),"I'm really torn with this one. On the one hand, A Hidden Life might just be one of the best looking films I've ever seen, with an outstanding score and an incredibly personal narrative. On the other, the characters feel as cold and inane as the landscape that surrounds them, but at other times I would well up as if the story they were telling was my own, with gems of dialogue scattered few and far between. Malick's films are always more difficult to connect to simply because they really aren't like any others, with their spiritualistic style often taking precedence over any deep-cut storytelling- sometimes this is more effective, but sometimes it can feel preachy without any substance behind the words being said. Nevertheless, I just couldn't bring myself to fully dislike this. Terrence Malick's vision and camerawork are inspired as usual, and the story of Franz Jägerstätter is tragically beautiful."
Ant-Man and the Wasp: Quantumania (2023),Would've been better if Luis came at the end to recount the events of the film.
Deep Red (1975),"I'm actually bewildered at how good this soundtrack was- every time it played in the background, I couldn't help but have a massive grin on my face, no matter what violence or gore was ensuing on screen. But I'm so glad I loved Deep Red , because I didn't really connect with Suspiria when I watched it, beyond the lighting and colours at least, but it definitely felt like Deep Red had more depth to it. The mystery feels really gripping, and the camerawork is astounding, but what's more, the film is oddly progressive for its time, which only furthers my enjoyment. The dynamic between Marc and Gianna is electric, which Argento achieves simply by writing them well, and it makes the dialogue flow much smoother between them in spite of it being a little rough around the edges. The film brings forth unexpected romance and comedy elements as well, which was a welcome surprise. All this, and I haven't even touched on the horror yet, which is absolutely sublime, of course. It's so creatively audacious, and Argento does so well to build tension with the mystery here while simultaneously creating a spooky atmosphere; it felt so reminiscent of classic Hollywood slashers like Halloween and Scream with its music and body horror, and yet it came out before both- it really felt like something unique and special. I hope this can be my gateway into more of Argento's filmography."
Opening Night (1977),"""You must never forget this is only a play"" I really wasn't expecting to love this as much as I did, with it being my first Cassavetes film and all, but it really blew me away. The layers of improvisation and subtext behind each stage performance were so incredible, and Gena Rowlands was just phenomenal- her performance instantly shot up to one of my favourites of all time. Cassavetes is brilliant both in front of and behind the camera. I haven't seen many films from actor-directors, but you can absolutely tell from his filmmaking here that he truly understands what it's like to be in front of the camera too. I mean, his scene blocking alone is sublime, but combined with some stupendous camera movement and I was totally floored. The way Opening Night flips back and forth so easily from being a play within a film to a film about a play is masterful, with the character's struggling to differentiate between the two adding this sense of meta self-awareness that was so interesting to see unfold. It reminded me of Kiarostami's Taste of Cherry in a way, because, through this Brechtian distancing, it's like Cassavetes is reminding us that this is just a film, but how easily this distinction can be lost in the mind of an actor trying so hard to enter the psyche of their character. Gena Rowlands does so well to capture this uncertainty too, with a nuanced vulnerability that feels utterly mesmeric right the way through."
Force Majeure (2014),"Force Majeure was probably my most anticipated of Ruben Östlund's films, and boy, did it deliver. I could very easily upgrade this to a 5/5 in future, as it's probably one of the best shot and framed films I've seen in recent memory, and of course the idyllic scenery has a lot to do with that, but the use of subtle cinematography in every single shot is outstanding. I said this in my review for The Square , but I'll reiterate it here: Östlund's ability to capture the awkwardness of a confrontation is unmatched and arguably reaches its zenith in Force Majeure , with each marital spat gradually building to a powerful crescendo. I debated with myself about whether the penultimate scene was a little on the nose, thinking that Ebba would surely hold to the notion of protecting her kids first and foremost when put in a position such as the one she was in, as well as recognising the hypocrisy of her actions. However, Östlund argues that when put in a situation like that, one is reduced to their instincts, and regardless of what societal gender roles would assume of them, we can never know how we'd act in the moment. Naturally, this is a reflection of Tomas' actions at the start of the film, but it's also perfectly mirrored in the final scene, where Tomas initially rejects his inhibition but then changes his mind. It's brilliantly prophetic."
Violent Cop (1989),"Takeshi Kitano's debut, Violent Cop is as decadently violent as its title suggests, contrasting moments of visceral brutality with a smooth jazz backdrop. It's clear to see Kitano's style straight away, especially his comedic background, as not many people could make police brutality quite so funny. There are some really cool shots throughout too, although these are often hindered by some weak editing, which also convolutes a fairly simple plot. Azuma is a necessary evil in a place chock-full of depravity and filth, so much so that his superiors even recognise his extreme methods as tolerable. There isn't really any of the moral turpitude you'd expect, because this violent cop really just doesn't really care, and lucky for everyone else in the station, he landed on their side of the law. It's littered with ruthless violence and black comedy, which arises less from punchlines and more from punches. While its muted, deadpan tone may have been a little much at times, Kitano's contrast between the slow and the chaos was fantastically worked, with the final confrontation perfectly epitomising that juxtaposition."
Close (2022),"There seems to be a lot of discourse on whether Close is emotionally compelling or manipulative. Unfortunately, I fall on the side of the latter. It feels like Dhont has manufactured this film to make it impossible for the viewer not to cry, and while that may be a factor in getting your audience to feel emotion, it certainly does not make a film more rewarding. Its heartfelt moments feel a little too engineered to make you feel that way, rather than being earnest, truthful moments of sorrow. It just doesn't take any risks or commit to any particular direction- is it a film about toxic masculinity, queerness, or something else entirely? Having said that, Eden Dambrine absolutely kills it in this role, delivering perhaps a more nuanced performance than the film permits, which deserves all the praise. Although, for a film about loss, he seems to be the only fleshed out character, with Rémi simply serving as a plot device to carry the story forward. Dhont explores Léo's grief as he blames himself for the suicide of Rémi, but then he offers no alternative. Sure, it's devastating, but isn't it a little harsh to offer no solace and just let us, and more importantly, Léo, believe that Rémi did kill himself because of him? It felt like Dhont didn't know what direction to take Close , and I have no doubt people will rate this highly because of the gut-wrenching emotional scenes, but that's just not enough to make for a good film."
"BARDO, False Chronicle of a Handful of Truths (2022)","I'm not going to lie and say I knew entirely what was going on during Bardo 's 160-minute runtime, but Iñárritu's latest outing proves why he's so well acclaimed. Bardo is a deeply enigmatic (at least until the end) audiovisual manifestation of his own insecurities as a filmmaker, a father, and as a man. It also explores his guilt and neglect towards his own culture, all while being celebrated by another. He channels Fellini and even Malick at times, but mostly he channels himself through the character of Silverio, much like how Fellini channels himself through Guido Anselmi in 8 1/2 , creating a chaotic self-criticism that, alongside Babylon , is probably the biggest swing of the year. There are big risks taken, and some pay off while others most certainly do not. It's a deep dive into the hypocrisy of artistry: one spends their life in search of what gives life meaning that they often forget to live it, and Iñárritu understands that perfectly. The sheer amount of craftsmanship that must have gone into each scene is immense, not only from a visual standpoint but an auditory one too. It truly is an experience, and while it may have only resonated in parts with me, the cinematography and surrealism on display were astounding. But it's the times it takes to breathe that are really the most striking, because, amidst all the noise, it's just a story of a father trying to be better."
Only God Forgives (2013),"Only God Forgives has some cool visuals, but it's severely lacking in the plot department, which is usually fine, but some of the dialogue was a chore to listen to- in fact, I don't think there was one scene where I didn't cringe once at a line. Refn tries to make three different movies in one, and it ends up feeling like some second-rate homage to a better film. Its depiction of women is frankly gross and strange, but I could partly forgive that if it aimed to make any sort of remark on why these characters were presented in this way, but alas, there isn't any such justification. It's a shame this visual flair goes to waste on such a poor story."
The 39 Steps (1935),"Noticeably more restricted than the other of Hitchcock's works I've seen, but that's obviously a symptom of the time. That doesn't make The 39 Steps any less impressive; in fact, it only accentuates what he was able to achieve given the resources available. Robert Donat is amazing as Hannay, though, and is easily the highlight of the film, elevating every scene with Madeleine Carroll with his quick-witted charm."
Castle in the Sky (1986),"The music in this was awesome, probably my favourite soundtrack across all the Ghibli films I've watched so far."
12 Angry Men (1957),"I saw the ""I'll kill you"" foreshadowing coming and it was still brilliant. A phenomenal screenplay and exquisite performances from the whole cast. Truly a timeless classic."
L'Avventura (1960),"I can't say I was as grabbed by Antonioni's heralded L'Avventura as I would have liked to have been, at least not after the first hour when the story veered away from Anna's disappearance to Sandro and Claudia's dubious affair. It wasn't until I dug a little deeper after finishing the film that I could appreciate what it was trying to say. The film takes an interesting view on love and relationships, showing how fleeting and destructive they can be in the end, but in that one moment drenched in passion, there's nothing else more desirable. Antonioni's shot composition throughout the film is masterful, with most of the visuals being outright perfect in their framing. He uses the distant wide shots and the sparse close-ups as a narrative device to convey the characters' feelings in such a clever way. He paints the men in this film with the same brush: a savage, preying pack only concerned with their own interests, amplified further through Sandro, whose privilege often allows him to capitalise on his lustful instincts unlike his lower status counterparts, who are left only to gawk. While Sandro only ever seems empowered by his privilege, Claudia and, to a clearly greater degree Anna, feel trapped by it. They feel trapped by the societal pressures of how women should act and look, especially ones related to their status, and, from my interpretation, Anna takes her own life because of it. Her shadow looms over the rest of the film, especially at the end, where we see Claudia and Sandro at their lowest. Claudia is uncertain of how to react to Sandro's infidelity because it would be hypocritical for her to be angry, and so we're left with that same uncertainty that we were introduced to at the start. Perhaps that's why I couldn't fully connect with L'Avventura , as its mystery offers no resolutions, and neither do its characters. Or perhaps it's the post-production dubbing that leaves much of Italian cinema feeling less natural and therefore more inaccessible to me. Nevertheless, Antonioni offers respite to the viewer through open-endedness, and satisfies our desires, much like his characters, through a simple run of the fingers through the hair of a shamed lover."
The Evil Dead (1981),"It's probably been said a thousand times before, but what Sam Raimi manages to achieve in The Evil Dead with a relatively low budget is outstanding. The practical effects in this alone are staggering in all of their grotesque forms, but couple that with some great camerawork and campy storytelling, and you've got yourself a classic horror flick. Excited to watch the rest."
Possession (1981),I think this took years off my lifespan. Or maybe it added a few extra. I'm not sure at this point.
Sunset Boulevard (1950),"Masterful dialogue and camerawork, but what makes Sunset Boulevard so spellbinding is the performances from William Holden and Gloria Swanson, particularly the latter. It's just a staggering portrayal of the descent into madness of an actress fading into obscurity, and every second of that journey is mesmeric."
Margot at the Wedding (2007),"Margot at the Wedding is certainly in competition with The Squid and the Whale for the Noah Baumbach film with the least likeable protagonists. I mean, they're both still incredibly well written and performed, especially between Kidman, Leigh, and Black in this film, but I would be lying to say that either of them was a blast to watch. The characters straddle the line between flawed and entirely insufferable, which I suppose is what makes them more compelling and by extension more human, particularly when combined with Baumbach's snappy dialogue, but nevertheless, this is still probably my least favourite of his work."
Magnolia (1999),"Paul Thomas Anderson weaves the rich tapestry of interconnectedness through coincidence as we examine the entangled nature of our relationships and how we impact others. Magnolia blossoms through its ensemble, with nearly every one giving a career best performance, and each of which is left grappling with the vagaries of their fateful tribulations through striking vignettes that build to a climactic conclusion. We're left to ponder whether these coincidences are serendipitous or ill-fated while being thrown around this 3-hour cosmic roundabout that constantly draws parallels between itself and the outside world. Perhaps fate is as totally out of our control as a plague of frogs falling from the sky, or perhaps the onus is on us to shape our own destiny."
Wild Tales (2014),"Wild Tales is a ridiculous anthological satire that tells six short stories about increasingly outlandish situations. It certainly has its highs and lows, but the awkward turmoil captured by Damián Szifron throughout is excellent and felt very evocative of Ruben Östlund's films. There's a level of catharsis achieved through the cacophony of chaos that you don't find very often, and while some of the stories weren't as compelling as the others, they still held to that riveting notion."
Terrorizers (1986),"A series of chapters with no end and no beginning. Terrorizers is the shortest of Yang's films I've seen so far, and as such, the storytelling here is notably different. He doesn't have the creative licence that 3 or 4 hours can provide, so he can't flesh out an entire world of characters like in Yi Yi and A Brighter Summer Day . Instead, he leans into the enigmatic nature that this form of filmmaking brings, and creates these characters whose motivations juxtapose one another at every step. The third act of this is total perfection, and while it may have taken a little more for me to get into the first two, Terrorizers still provides this journey that somehow feels both naturalistic and metaphysical."
Long Day's Journey Into Night (2018),"I'm so conflicted by this. On the one hand, Long Day's Journey Into Night is arguably the most visually impressive film I've ever seen. I know that's quite a claim to make, but it's true. Every frame is utterly stunning. The sparse yet poetic dialogue was also a joy to listen to. On the other hand, I can only say I was actually engaged for about 20 minutes of its 138-minute runtime. For the rest, I have to admit that I was rather bored. It has that Malickian dreaminess to it, but even Malick's films hold your attention with their liberal use of voiceover. Long Day's Journey Into Night is an experience rooted in that which it describes in its title: the journey. On another day, I can see myself rating this lower, but on a different day, I can see myself calling it a masterpiece. For now, I'm somewhere in between."
Ema (2019),I've only seen one Gaspar Noé film but this felt very much like a Gaspar Noé film. At least for half of it.
"Like Father, Like Son (2013)","Like Father, Like Son is the second of Kore-eda's works I've seen, and wow, was I impressed. His ability to bring out these nuanced, acutely human emotions in his actors is almost as impactful as the performances themselves. The subtlety with which the film explores relationships between parents and their children, or, as the title suggests, fathers and their sons, is stunning, and I was enamoured with every moment."
Antiporno (2016),"Antiporno is loud, brazen, colourful, and unabashedly provocative. Sion Sono takes on the challenge of twisting what first appears to be a soft-core porno into a scathing critique of the adult film industry and, by extension, the culture that protects and even encourages this perspective on women. It's totally self-indulgent in its fourth-wall-breaking nature, but does so in a way that feeds into its over-the-top aesthetic. Within just 76 minutes, Sono manages to push forth a multitude of ideas, from female objectification to the suppression of individuality, all doused in this psychosexual surrealism that is as disorienting as it is engaging. It's easy to get lost in the noise, where I found myself more often than not, but if only for the sheer audacity of what Sono tries to accomplish here, you have to give plaudits."
Days of Being Wild (1990),"Days of Being Wild is a story of lost souls- men who are afraid of commitment to a person, a place, an idea. Wong Kar-wai follows these meandering stories in terrific vignettes, sharing many of the same qualities as his later works, although noticeably less refined. It's here that he defines many of his filmmaking techniques that later became trademarks, and while their brilliance does shine in places, they often lose cohesion as a whole within this disjointed story."
The Beach (2000),"Danny Boyle's direction combined with Alex Garland's writing has always proven to be a rather successful collaboration, with 28 Days Later and Sunshine being proof of that. The Beach was the first of their partnerships, and it certainly makes some poignant points about imperialism, even while being a total mess tonally, but it kinda works for me. Though through some further reading, it became apparent that there was controversy surrounding the bulldozing of Ko Phi Phi Le to make it look more like a paradise. I suppose the irony of those actions was lost on those responsible."
Take Out (2004),"""Sometimes, I wish I never came here"" Take Out is an intricate portrait of an era, a seamless blend of sociopolitical commentary and deeply personal narrative that is as heart-rending as it is insightful. As with his work in Red Rocket, where he captures the after effects of a post-Trump America, Baker, alongside co-director Shih-Ching Tsou, showcases an uncanny ability to encapsulate an era: this time the post-9/11 society, as experienced by an illegal immigrant toiling in a Chinese takeout. Ming is a man out of place, alienated in America, and painfully distant from his family in China. His day-to-day existence, riddled with debt and discrimination, offers a grim, unvarnished picture of the immigrant experience. He lives in a cage with no true place to call home, all in a sobering reminder of the desperation to pursue just a semblance of the American Dream. One of the remarkable facets of Take Out is its remarkable authenticity. The story is told more through actions, interactions, and settings than verbose dialogue. It feels real because it is real; for the most part, conversations and even the deliveries are carried out exactly as they would in real life, creating a palpable sense of reality for us to be immersed in. Baker and Tsou's tight, intimate camerawork only emphasises this authenticity, while painting a vivid picture of the unforgiving urban landscape, as the echoes of the hustle and bustle of the city reverberate."
Date Night (2010),Wtf is this cast.
News from Home (1976),"It's interesting being in the unique position to offer a modern perspective on News from Home in a time where you can communicate instantly with someone from any part of the world to another, perhaps even while seeing their face, something that would have been considered impossible at its time of release. We become part of this one-way conversation that Ackerman delightfully narrates against the busy streets of New York City, her words obscured by the commotion of urban noise. It's not only time or distance that dilutes the words on paper, but also one's environment. Much like the news on television, the more we see and hear it, the less meaning it has. People's lives become statistics in a headline. There's only so much that can be communicated through written text, simply because it can never be a full reflection of real life, only the life we want to portray to the reader. Nothing is akin to being there in the moment, and all sorts of feelings of guilt and loneliness can sprout on both sides of the envelope. Our only solace is the hope that these words on paper are enough to sustain a relationship until that fateful day where we finally meet again, deceiving ourselves into believing nothing has changed since we last spoke."
The Elephant Man (1980),"So expertly crafted, and so beautifully heartbreaking."
Flowers of Shanghai (1998),"Much of Flowers of Shanghai left me feeling quite cold, but I suppose that's the point. There's no glamour in these women's occupations, despite how they may appear in their lavish gowns and with handmaidens at their beck and call. They are indoctrinated as children of around 7 or 8 into this lifestyle of monotony, serving as the ironically named 'flower girls' as their innocence is taken away from them by wealthy men that they become bound to. They are trapped with debts they cannot pay, in relationships where infidelity is rife, and hooked on opiates as their only solace from lashings lain upon them by their procuress they call 'auntie' as punishment for underperformance. Hou Hsiao-hsien wonderfully contrasts these gorgeous frames of luxury and class with these themes of entrapment, all romanticised in moments of lust, yet it is never once lewd. Every dimly lit scene from a single lantern casts shadows over its participants, one of truth and one of facade, but it's clear to tell which is which."
Maborosi (1995),"Maborosi is Hirokazu Kore-eda's stunning debut, and through liberal usage of wide shots, Kore-eda excels at keeping the emotions at an arms length, and chooses his moments of immersion perfectly. It stands as an atmospheric soliloquy on the ephemeral nature of life, and a testament to those left behind. As it turns out, the empty space that remains takes up more room than you'd think, and it leaves traces that linger, just as potent in their silence as any physical presence ever could be. These traces reverberate in the quiet hallways of our memories, echoing with stories left untold, questions left unanswered. We're left to pick up the pieces of what was; fragments of the past now tinged with melancholia."
Death Proof (2007),"It's definitely fun in parts, and the quintessential Quentin dialogue is there too, but it was also probably the most bored I've been watching a Tarantino flick in the moments in between the madness. But man, what a cathartic ending."
Greenberg (2010),"Ben Stiller's character is the worst guy ever until he has a line of coke and a Vicodin, so the lesson is... do drugs?"
Gerry (2002),They should've just hopped on a boulder and rode it home like the pioneers used to do.
Trance (2013),I wish I could be hypnotised to forget this film.
Tramps (2016),Really tightly paced indie where the characters actually have some chemistry. Tramps shares a lot of characteristics with the mumblecore sub-genre that I love so much. It's substantial enough to a point that it's convincing and it never overstays its welcome or tries to amp up the stakes when they aren't there.
Mission: Impossible II (2000),"Honestly think I had way more fun with this one than I did with De Palma's one, which may be controversial. It just has so much campiness and style that feels reminiscent of Bollywood movies, especially with all of the over the top action sequences and frenetic editing."
Mission: Impossible III (2006),"Probably my least favourite of the 3 so far, but Philip Seymour Hoffman just gives me more and more reasons to think he was just the best ever. What an incredible villain performance that was, and he totally carries this movie."
Days of Heaven (1978),"Might just be the most beautiful film I've ever seen. Then again, I think I say that after every Terrence Malick film I watch."
Nashville (1975),"I'm not American, and yet, growing up, I was surrounded by so much of American culture, from media to music and politics. There was a noticeable difference in the way things within British culture were presented. Even from watching kids television programmes growing up, this difference was apparent. I think it stems from the fact that Americans are told from an early age that they can do anything and that they can be anything. There's even a line in the film where the performer says something like, ""One of you kids could be president someday."" Stuff like that was always so insane to me because it felt like those people were feeding their youth false promises of stardom and that they should instead be more realistic. It's fine to have dreams, as long as they're within reason, right? Nashville is a microcosm of that dream that lies within the idea of Americana. All these people are from different backgrounds, classes, and statuses, yet they still all believe in the same collective dream. Faith is not based in achievable outcomes. There are no falsities because it's all very real to them. There's no focus on what they can't do, and instead they focus only on their goal. There are no thoughts of what's realistic or not, only this idealised version of themselves that they see in the stars and how they can get there. It's a quality that I both envy and fear. To be able to look at the world and only see opportunity is a remarkable thing, but it's also terrifying. Knowing that the people around you- the ones closest to you- may only be using you as a stepping stone towards that dream is a scary thought. It gets much worse when you realise this mindset extends way beyond that of the working man wanting to escape his monotonous 9-5- it's an ethos that's adopted by all corners of society: from the media, music, politics, and so much more. It's freakishly impressive that Altman was able to capture such a detailed portrait of not only Americana in the 70s, but an image that extends to this very day. One that shows no signs of slowing down either."
Inception (2010),"Still my favourite of Nolan's work, for now, but that's a lot to do with the fact that I'm just totally fascinated by dreams and the logic behind them. There are glaring issues that become even further prominent on a repeat viewing, but frankly I don't even care, I'm just riding the kick."
Aloha (2015),"Remove Bill Murray and some of the other military subplot and this isn't bad at all. There are some interesting dynamics explored, and the screenwriting isn't nearly as bad as people make it out to be."
Steve Jobs (2015),"It's a rather risky choice to make a film about one of the most influential people in the history of technology and not mention what is largely considered to be his magnum opus of innovation, the iPhone, but Boyle's risk very much pays off here. Instead, Steve Jobs focuses on the man behind the marketing, and the people he strings along on his journey towards legacy. Aaron Sorkin delivers a script possibly sharper than this film's cousin, The Social Network , resulting in moments of performance like a glorious operatic crescendo from Fassbender, Rogen, and Daniels."
Oppenheimer (2023),"""Prometheus stole fire from the gods and gave it to man. For this he was chained to a rock and tortured for eternity."" I don't think I've ever gone back to the cinema to watch a film I had already seen so soon after having seen it the first time until now. Until Oppenheimer . The grand ferocity with which Ludwig Göransson's score elevates each and every element of this film is dumbfounding. The sequence from the test explosion at Los Alamos, to the rally scene, to the meeting with Truman is the very definition of cinematic perfection, and just those 20-30 minutes capture the essence of entire film with such brilliant vision. It's just insane that Truman's comments on Oppenheimer in the film are an almost lessened version of what he said in real life. He very much did call him a ""crybaby scientist"" as the film depicts (not to his face admittedly) but subsequently when referring to Oppenheimer's comments about the blood on his hands, he said, ""Blood on his hands, dammit, he hasn't half as much blood on his hands as I have. You just don't go around bellyaching about it."""
Red Eye (2005),I saw the hockey stick coming from the very first moment of the film and it was still cathartic as hell. Also pretty funny that I coincidentally watched this after having seen Cillian Murphy in Oppenheimer twice recently. Just such a strange shift in performances but both still very much enjoyable.
Cast Away (2000),Zemeckis giving me more reasons to think that Back To The Future was a fluke.
Babylon (2022),"I'm so glad I watched this in the cinema when I did because I don't think much could have replicated the mix of adrenaline and euphoria I felt during the ending montage. Seeing it again, I feel like I can double down on the fact that it's definitely a messy ending and many of the characters' storylines aren't resolved in quite the way I would've liked, but regardless, there's not much out there that can make me feel as transported and immersed as Chazelle's work does. The first act will remain one of my favourites ever."
Elizabethtown (2005),"Cameron Crowe's movies are so incredibly kitschy and corny but it just works so well for me. Elizabethtown is pretty messy tonally because I feel like it simultaneously tries too hard to be funny while being absolutely hilarious in moments that feel like Crowe was aiming to be sincere. Nevertheless, between Crowe's trademark indie-pop/rock soundtrack, and Orlando Bloom and Kirsten Dunst's undeniable charm, Elizabethtown proves to be an eagerly fun time."
Blackhat (2015),A 71 year old Michael Mann directs the shit out of this cyber-crime romance espionage thriller with some sublime handheld camerawork and a tightly paced story.
Hannibal (2001),"This actually starts off pretty well and I quite enjoyed most of the parts that took place in Florence. However, everything besides that becomes shockingly boring with some technical flaws all over, and simply the lack of tension. It was always going to be a difficult task to follow on from Demme's heralded The Silence of the Lambs , and for the most part Julianne Moore does okay replacing Jodie Foster but it never quite feels the same. Gary Oldman as Mason Verger was a welcome addition though, and his performance excels through the practical effects. Of course, Anthony Hopkins is still spectacular, although seeing much more of him does lessen the impact of his terror, but it's understandable why he wasn't used as sparingly as in this film's predecessor."
Sing Street (2016),Eamon carried.
An American Werewolf in London (1981),"""I will not be threatened by a walking meat loaf!"" ""I didn't mean to call you a meat loaf, Jack!"" The contrast of some of the best and most terrifyingly grotesque practical effects I've seen with a random hilarious one-liner makes An American Werewolf in London so much fun to watch. The fact that Landis can combine some truly scary sequences with some brilliant dark humour makes this infinitely more entertaining, and it is understandable why this is so beloved."
Miami Vice (2006),"I'm not sure I understand or will ever understand Miami Vice to its fullest. But I'm not sure I want to either. What Mann has created here is this masterful enigma of mid-noughties zeitgeist, capturing an era of digital decadence from Nokia flip phones to fax machines. It's a time when the majority of crime began to shift into a space that neither criminals nor law enforcement had navigated before: the online world. Through flashes of exposition basking in the nocturnal allure of Miami's skyline, we follow the story, somewhat incongruently, as our protagonists push forth with reassuring confidence. While Blackhat examined the movement into the digital age at a time when the reshaping of the landscape was in full effect, Miami Vice exists in a time just before that- the transitional period where it felt like anything could happen. So our uncertainty with the narrative feels reciprocated through Mann's direction, as he reassures us that it's not something to be understood in its entirety just yet, and so we cruise along for the ride anyway."
In the Heat of the Night (1967),My first of Sidney Poitier's work and what a powerhouse performance to start with. Can't wait to watch more from him.
Ali (2001),"In the first 10 minutes of Ali , we see everything about the man we come to know as Muhammad Ali- from a little boy walking to the coloured section of the bus and seeing a newspaper article about the brutalisation of Emmett Till, to one of the most prolific athletes of all time. We see him denounce his so-called 'slave name', Cassius Clay, and go on to preach pacifism through both his religion and conscientious objection. Mann so often explores the lives of extreme professionals in their craft, and so it's interesting here to see how often Ali deviates from a path he sets so clearly for himself. Mann constantly makes the viewer question how a man so devoted and focussed in his belief in both himself and God could be both a pacifist and a boxer, and also loyal to God but not to his wife. For someone so driven by honour, how come he so often falls into hypocrisy? All these questions posed and answered in just 10 minutes of blissful filmmaking. However, it's beyond that where Ali starts to lose steam. Sure, there are parts, particularly the bits that take place in Zaire, that feel like Mann is trying to get at something more profound here, and while Smith's performance is impressive, it never quite reaches the levels required to make a scathing remark on this man of legend. There's so much that remains to be said about this man who essentially wove himself into the fabric of mythos, but by the end, unfortunately, much of it remains unsaid. There are many moments that feel poised to delve into Ali's psyche, but they never end up scratching much deeper than the surface."
Mirror (1975),"Some say that when you die, you see flashes of your life pass before you in a random fashion, as you catch glimpses of the person you were. In many ways, Tarkovsky's Mirror feels like that: like you are cast adrift in a sea of fragmented memories. Through Tarkovsky's lens, past and present become a blurred vision of both his and our experiences. From this disjointed narrative, he holds a mirror to our collective consciousness, as we both look back on not only our lives, but the lives of the people we affected. Mirror is largely known as one of Tarkovsky's most challenging works to understand, and I knew that going into it. But if you try less to understand and more to just feel, it becomes much clearer what Tarkovsky aims to achieve here. And by the time the film fades to black, we feel the catharsis of having looked back at every misstep, every wrongdoing, every success, every opportunity, and every moment of what makes life what it is."
Paths of Glory (1957),"It's an almost insurmountable task- nearly as insurmountable, perhaps, as The Battle of Anthill itself- to definitively declare which of Stanley Kubrick's cinematic masterpieces has left the most indelible mark on culture, both relating to film and not. Paths of Glory is utterly hypnotic, not simply due to its aggressive anti-war sentiments, expert weaving of dark comedy, or Kirk Douglas' commanding performance, but because of how pertinent its themes remain to this day."
Thunderbolt and Lightfoot (1974),"Jeff Bridges and Clint Eastwood are an unexpectedly awesome duo in this. My first of Cimino's work, and wow what a strong debut this is. The buddy road trip turned off-kilter heist is done so effectively because there's no need for any personal motive than to just have fun and get rich. It's straightforward but so wonderfully executed at the same time."
Ratcatcher (1999),"Immediately after I watched Ratcatcher , I found myself to be a little conflicted as there were parts of the film I absolutely adored such as the contrast in imagery from the greys and whites of the Glaswegian squalor, to elements and images that felt so elusive and fantastical. But then I felt there were parts that I felt a total disconnect from the rest. It wasn't until I watched two of Lynne Ramsay's interviews, around 20 years apart, that it all clicked for me. She described the film as this sort of ""dystopian fairytale"". While there are parts that clearly try to emphasise the deprived nature that these people were living in, she makes it clear that it wasn't the intention to confine or label the film as an attempt to capture a portrait of this late 20th century poverty, as it was just what the world was like for her when she grew up. As a kid, you make do with what you have, but you always hold out for that hope of more. It's something that feels like a shared quality with Sean Baker's The Florida Project, especially when James visits the unfinished house and steps through the window into this everlasting wheat field where it feels like time moves in slow-motion (like many of the inspired shots across the film do). Lynne Ramsay, having first started out as a painter then a photographer before venturing into film, so very clearly understands the power of a still image, with prolonged moments without any dialogue conveying so much while saying so little. Small, intimate moments where a character interacts with another, perhaps even without acknowledgment from the other, where nothing needs to be said as you can already feel it. It's a pretty genius move, likely due to financial reasons but nevertheless, to cast both professional and non-professional actors in the roles, as it adds a whole different layer of naturalism that I feel that you wouldn't get otherwise. It feels like these streets, littered with rotting waste and scurrying rats, have actually been lived in because that's exactly true. The dystopia is what allows for the fairytale to exist, as one could not exist without the other."
Still Walking (2008),"I read somewhere that making films about death that feel honest and authentic is one of the most difficult things a filmmaker can undertake. After all, how do you direct the absence of something? Hirokazu Kore-eda answers that question through his gentle and warm filmmaking, where it feels like anyone can place themselves into any one scene and watch, like a (butter)fly on a wall, as if a memory was taken from their mind and played out in front of them. There was so much in Still Walking that reminded me of my grandparents, and my parents too for that matter. All the constant bickering about nothing in particular because they were never taught any better way to express that they care for one another. All the care and love that's put into food with these preparation rules-of-thumb that are passed down by the generations before. All these snide comments made behind someones back, or even to their face, that just make you want to crawl up into a ball of shame on their behalf. It's a mix of all these small, seemingly inconsequential details that make Kore-eda's films so incredibly special to me. ""They say butterflies that survive the winter come back yellow the following year"""
Lost Highway (1997),"Doesn't quite hold the same emotional depth as some of Lynch's other work like Mulholland Drive or Blue Velvet , but there's something about the balls to the wall approach Lost Highway employs that you really just have to respect. It's so punk-rock beyond just its killer soundtrack, and the sultry audiovisual labyrinth that Lynch loses you in is so bewildering to navigate. While I was impressed by the nightmarish nature of the first act, especially when it came to the sound design, it almost felt like Lynch was trying a bit too hard here, and it ended up feeling like a lesser version of Haneke's Caché. Past that though is where Lost Highway really kicks into second gear, with the looming shadow of horror still ever-present, though now astutely supplemented by Lynch's unconventional humour, which makes the experience all the more compelling. As for performances, Patricia Arquette and Bill Pullman are fantastic, but it's Robert Loggia who steals the show with his over-the-top demeanour and enigmatic motivations."
Showgirls (1995),"My first Verhoeven film, and as many so often say, this is most definitely an over-hated gem. The glitz and glamour contrasted with the grime and sleaze of Vegas is portrayed magnificently. The film is visually stunning, and while it does peter out a little towards the end, it's still so well crafted."
Harakiri (1962),"There's a level of cultural resonance Kobayashi achieves here that I'm not sure I've ever quite seen before. For a film that's over 60 years old, its scathing remarks on the hypocrisy of political systems are as relevant as ever in the modern day. Couple that with Kobayashi's meticulous eye for composition, which makes every frame of this film, seeped in the viscera of retributive blood or not, pure artistry to behold. Harakiri is not simply a film that stands the tests of time; it's one that grows and evolves along with it."
Slacker (1990),"Before it was revealed that it was the exact concept for the film, I had randomly thought during the start of Slacker that it would be a cool concept for a film to continually follow on from one of the characters in the scene, constantly moving and changing perspectives, and that's exactly what Slacker was. Although in execution rather than theory, this is a much more difficult thing to pull off (especially since my first thought was to stitch the whole thing together to look like it was shot in one take), and I often found myself uninterested in some of the conversations while captivated by another. I suppose that's both the benefit and drawback of having such short interactions with these characters. It's about as slice-of-life as slice-of-life gets- thinly sliced at that, which makes it all the more impressive with how much depth Linklater manages to instil in some of these characters in such a short time. Parts reminded me of those random drunk conversations you'd have during the come-down from a party, just rambling on about existence and our place in the universe, all those words lost to the haze of time and drunken memories."
The Apartment (1960),"It's easy to take for granted just how brilliant The Apartment is. It's simple, but it's written so impeccably and the dialogue is so clever that it makes it all worthwhile. I think many people will and have called this overrated (I hate using that word), and I felt that myself a little in the middle, but you then realise by the end just how much Wilder gets right here. It's small-scale and there's not a singular, monumental, iconic shot that's been lauded a classic, but over the whole film, there's not one moment where I thought, ""That could have been done better,"" or ""The writing was a little messy there,"" or ""That wasn't edited very well."" Just really, really solid direction and execution throughout."
Code Unknown (2000),"There's so much I absolutely adore about Haneke's style of filmmaking, both here and across his whole filmography. I don't think I'd be preemptive in saying that he's one of my favourite directors. Taking that into account, it pains me not to have rated this higher. There are real shades of masterwork all over Code Unknown; from the way it looks at the immigrant experience alone, you can see the deep empathy Haneke exudes through the camera, a much different disposition than his other films which seem to have the exact opposite quality. Yet he still manages to expertly contrast that with his precise, almost documentarian style filmmaking. Unfortunately, beneath all these brilliant ideas and techniques lies a pretty disjointed narrative, one that makes it difficult to truly grasp all of the emotion that Haneke is vying to portray. Its anthological structure works in parts, but I almost wish that it had dissipated as the film went on, highlighting how wildly different these strangers lives and struggles are, but by the end, noting that perhaps their struggles aren't so different after all."
Three Colours: Blue (1993),"Sometimes a feeling can be so overwhelmingly powerful that we think the only remedy has to be to invoke the exact opposite- to feel nothing at all. It's not until we set out on this hapless quest do we realise that it's impossible. Even when it feels like we're drowning in a boundless sea of blue, our bodies force themselves to the surface in a desperate attempt to cling to life, when it seems like there's nothing left to live for."
Hiroshima Mon Amour (1959),"""Some years from now, when I have forgotten you and other romances like this one have recurred through sheer habit, I will remember you as a symbol of love's forgetfulness. This affair will remind me how horrible forgetting is."""
The Last Emperor (1987),"There are many gripes to be had over The Last Emperor, my first of which is why this wasn't just in Chinese, particularly due to some of their weird dubbing at the start. However, many of the rest of these gripes are simply offset by the utter grandeur of its design. The set design is immaculate, but what's even more impressive is that so much of this was shot on location. The feeling of historical importance is something that really comes across here, especially when Bertolucci makes sure to measure the scale up to that of an epic; however, its lack of resonance with its characters is something that does fall short of the mark. There's too much focus on these insignificant character moments, especially in the tiresome first act. As such, it's difficult to empathise with the gravity of things going on, which, for a historical epic where the weight of decisions and choices are amped up to the max as we follow characters through what is essentially their entire lives, seems like such a simple misstep. When you look to something like Schrader's Mishima: A Life in Four Chapters , characterisation still takes a backseat to the audiovisual experience, which is second-to-none, and yet we still see so much of what makes and drives this politicised figure. In much the same way, the gorgeous visuals and triumphant score provide a backbone for The Last Emperor, but it suffers from the lack of support that the little moments of emotion can bring amidst all the drama. I suppose it's somewhat ironic of me that I wish Bertolucci spent less time on insignificant moments and more on moments that seemed insignificant."
Hardcore (1979),"Feels a bit like Paris, Texas 's depraved cousin."
Bad Times at the El Royale (2018),"I feel like Bad Times at the El Royale is about a draft of the script and some editing down to make it more tightly paced away from being absolutely awesome. The performances are largely fine, although I just can't escape from the fact that it just feels like Drew Goddard thinks he's doing more than he really is."
eXistenZ (1999),"Expected this to be a bit like Total Recall and it pretty much was. Awesome practical effects to be expected from a Cronenberg film, but also a fun campiness and a bunch of meta elements too."
The Lost Boys (1987),"The last act of this is so fun and wacky, I just wish the rest had been the same. For something that's only 97 minutes, it's not nearly as tightly paced as you'd think, which hinders it slightly, and it could have done with a bit more world building too. The soundtrack was pretty great though, although I wish there was more of it."
Beyond the Hills (2012),"You often see these stories about convicts who were falsely imprisoned for crimes they didn't commit, with the bulk of their lives being stolen away for something that wasn't even their fault. It's an inherently broken system of justice, not too dissimilar to the laws dictated within religion. There's a link between this idea and the way Mungiu presents religion in Beyond the Hills . It's something that is bestowed upon someone simply by chance, and in some cases, it can restrict the person's ability to live and act freely as they wish. Within this microcosmic commune, Mungiu deals with this oppressive evangelist approach to religion, but does so in such a way that doesn't feel overly accusatory. It's easy to forget that this is based on a true story at times, because each scene seems so meticulously crafted in such a way as to make this viewpoint come across. It's utterly terrifying just how bleak this is, especially when a place so committed and devout to following their dogmatic teachings of love and compassion is totally blind to the fact that they're doing the exact opposite. It's a very scary thing to see that the institution that is supposed to epitomise the moral standard deviates from it so often, a trait that isn't limited to religion alone. As depressingly sobering as this film can be, it also finds its share of satire amidst its cold backdrop. And I suppose there is humour to be found in my aggressively anti-religious takeaways from this film, even though it really isn't leaning that far towards either side of that spectrum. Circling back to my initial analogy, perhaps Mungiu's perspective here is more akin to criticising the system than the individual, and yet, there's no justice for those who choose not to subscribe to these beliefs."
Summer of Sam (1999),I think a lot of movies would be better if they had a talking dog voiced by John Turturro.
Déjà Vu (2006),"I couldn't decide whether this was awesome or the dumbest thing I had ever seen during a moment when I had to actively stop myself from unconsciously finding plot holes in this film. However, around the point of the third, I realised that the criticism that Déjà Vu faces is probably the epitome of the 'CinemaSins-ification' of movie watching, and that's frankly the most boring and, for lack of a better word, pretentious way of experiencing a film. That's not to say that Tony Scott's 2006 sci-fi thriller is free from issues besides that; in fact, it's rife with stylisation choices that felt over the top for something that was already so over the top, and it's paced in such a way that it makes the film feel much longer than it is. I've sort of lumped a lot of these similar films in Denzel's catalogue into one heap in my brain, but I thought it was about time that I actually watched one of them and decided for myself whether they're worth the merit they receive, often as so-called 'underrated gems' from the mainstream audience. For now, I'm on the fence."
Me and Earl and the Dying Girl (2015),"I can imagine your enjoyment of this is directly proportional to the amount of film references that you can understand. Fortunately for me, I got about 75% of them. Need to watch Fitzcarraldo though."
Asako I & II (2018),"There's a lot I want to say about this film, but I think I'll save it for when I eventually rewatch it or I watch another film in Hamaguchi's filmography that reminds me of this. It sort of showed me that I still have some maturing to do as a film watcher in order to fully grasp why filmmakers decide to depict fundamentally flawed characters in a way such as this. It takes a level of emotional intelligence to move past resentment towards a character so that you can fully understand their motivations, but I don't think I'm quite there yet. Could quite easily be a formative five-star rewatch for me in time."
Speed (1994),Connor Roy was interested in exploding buses at a very young age.
Inland Empire (2006),¿
Tokyo Twilight (1957),"It's an unfortunately common thing for people, particularly men from an older generation, to lie and withhold from those closest to them as a means to uphold reputation and save face. As if the way you come across is more important than how you actually are. It's a pretty substantial factor in why men find it so difficult to open up about their emotions, because it then detracts from this idealised version of themselves they were told to protect since they were a boy. It's something that I've tried to work on myself, especially when growing up in an Asian household, it's not something that's typically talked about. But ultimately, feeding this taboo and harbouring feelings not only damages your own mental health, but alters the way those around you perceive their own relationships. By striving to protect this idea of civility and strength, you end up enforcing the opposite. What Ozu does here with masterful static imagery is allow us to see how each moment of empty conversation, which masks any possible intention of care, can be like a dagger to the heart. While living with the truth can sometimes be just as hard as living without it, it's unfair to just assume that ignorance is bliss, because it can stop us from ever truly knowing ourselves, forcing us to be even lonelier than we already were."
Rosemary's Baby (1968),"Maybe I missed the boat on Rosemary's Baby , but while the performances from Mia Farrow and John Cassavetes do impress, the story is just a little weak. I just didn't feel the tension or at any point believe that Rosemary was insane for what she was thinking. I mean she essentially gets raped by her husband and I'm supposed to believe this is just some stand-up guy? It's like Polanski succeeded in gaslighting Rosemary but not the audience. Then once again by the end, there's no ambiguity or mystery that actually makes it feel all that scary, everything just gets told to you. Perhaps I'll revisit this in time, but I just don't see the makings of a horror classic besides the nightmare sequences maybe."
The Descendants (2011),"Alexander Payne, Cameron Crowe and Jason Reitman all make these different movies in the same font and I love them all. It's also pretty cool that this is the movie that Jim Rash (alongside Faxon and Payne) won the Oscar for Best Adapted Screenplay for. I really like George Clooney in these little family dramas, I wish he was in more of them because he actually has some acting chops but hardly ever showed them off."
Certain Women (2016),"Watched this mainly for Lily Gladstone as I'm finally going to see Killers of the Flower Moon on Saturday, and I'm glad to say her segment was probably my favourite. I always have a hard time emotionally connecting to anthology films, as while they can share thematic elements across the stories, they often feel too disconnected for me to fully invest myself in the narrative, and unfortunately that applies here. While I do adore the quaint 16mm cinematography, Certain Women just doesn't add too much more to the stories themselves where it feels like the film is doing more than just telling. The best kinds of quiet storytelling in film fill in the gaps between the sparse dialogue with this almost personification of the landscape; the location itself needs to feel like a character where you can funnel that emotion through, something that's particularly pertinent in Lee Chang Dong's Secret Sunshine , but that just doesn't quite come through here. It's not necessary for anthology films to have some kind of bow to wrap the whole story together with, but Certain Women could have certainly benefited from a slight bit more cohesion to justify just what Reichardt is trying to say here."
End of Watch (2012),"End of Watch is a buddy cop action/drama filled to the brim with melodrama and enough copaganda to keep your average ""blue lives matter"" folks entertained. It's all filmed pretty horribly with David Ayer making the decision to capture most of it handheld, a choice which the main character justifies by saying he's doing a filmmaking course while also being a cop which may be one of the dumbest narrative decisions I've seen. The performances are largely fine, if not hindered by the aforementioned melodrama used to spruce up an otherwise half-baked script, but I enjoyed the chemistry between Gyllenhaal and Peña. I'm starting to think I just really don't get on with David Ayer's work or at least his narrative choices because it feels like he made this film with all the wrong intentions in mind as to what its message is supposed to be. There's no empathy for the victims, and ethnic minorities are all painted with the same brush. It's frankly borderline manipulative, especially nearing the end. If there was more of a criticism regarding these cops lack of care for some of these vulnerable people, attributing it to some sort of larger systemic issue of power as Fuqua touches on in Training Day as this seems to want to emulate, then I'd feel much more sympathetic to its lacklustre direction, but I suppose those things would go hand-in-hand."
The Night House (2020),"It's largely fine, some of the scares are pretty inventive but the grief-stricken widow horror movie trope is starting to get really boring for me."
Breaking the Waves (1996),"I would be lying if I said I wasn't curious about Lars von Trier as a filmmaker. His ideology, beyond just that of his patented Dogme 95 filmmaking, always seems to burst the seams of his films, for better or worse. As much as it can get tiring, I really do think his style works best when coupled with his periodically scintillating dark humour, but in the case of Breaking the Waves , that is nowhere to been seen. It's a deeply mean film, and I don't mean that in the way that means all it's characters are evil, but it does feel like we, alongside them, are punished for trying to find joy amidst the despondent atmosphere. The film tries to examine the cost of being selfless in love, be that towards one's partner or to their religion. To give oneself so wholeheartedly to others and for that naïveté to be punished or taken advantage of. It's intensely cynical, and that comes across in the filmmaking too, and while Emily Watson does give a stellar performance, it's held back by the fact that's she's never able to feel true happiness."
Citizen Kane (1941),The cockatoo scared the shit out of me I can't lie.
Laura (1944),Starting Noirvember off with a pretty good one. Let's hope I don't forget about doing this after a week.
Detour (1945),"Not a massive fan of the amount of narration used in this, but I suppose that's to be expected for a film that's only 68 minutes long. I've also started to notice a lot of these noirs end pretty abruptly, which is something that might take some getting used to. Other than that, I quite enjoyed this, particularly the second half."
Bottoms (2023),"Absolutely adore how completely off the rails this went. Duo of Emma Seligman and Rachel Sennott remains undefeated, even though I do largely prefer Shiva Baby , but adding Ayo Edebiri to the mix is only gonna make things better."
The Lady from Shanghai (1947),"No idea what Welles is doing with his accent here, but other than that The Lady from Shanghai is pretty spectacular. I mean, what a thrilling conclusion that was. Stellar camerawork and phenomenal visuals. The plot is kind of convoluted and hard to follow, but that's part of what made this so enjoyable to watch, especially when you factor in the decision to end it in a fun house- that's such a clever choice. I know I've not seen many, but this may be my new favourite noir."
Indiana Jones and the Kingdom of the Crystal Skull (2008),"Indiana Jones and the Kingdom of the Crystal Skull feels like Spielberg's stab at an Alien movie, and oftentimes this movie can feel more like a movie from that series than this one. Hell, he even casts John Hurt if the comparisons didn't draw themselves already. As such, it loses much of that adventurer charm that the earlier movies had, and while I actually did rather enjoy the first act of this (yes, even the nuclear blast fridge), as soon as Shia LaBoeuf's character gets introduced, I lost most of my interest. He just has nothing to do the entire film, and simply serves as a constant reminder of this attempt at a successor to Indy that we know from the Dial of Destiny releasing never came to fruition."
Panic in the Streets (1950),"Refreshingly modern, but ultimately rather uninteresting as the plot seems to dwindle in circles too much. Panic in the Streets mostly doesn't feel like the conventional film noirs I've been watching, which was a welcome surprise, but left it feeling a little too empty. I think I'll probably enjoy the rest of Kazan's work more."
Secrets & Lies (1996),"Brenda Blethyn's performance in this is probably now one of my favourites ever, as is Timothy Spall's. What an emotionally gut-wrenching film."
The Lodger (1944),"It'll be interesting to see if I prefer this version or Hitchcock's more. Some really cool shots, but some rather lacklustre performances."
Diabolique (1955),"A little too slow for me, but still really enjoyed this, especially those last 10 minutes."
Men in Black (1997),Arguably the greatest credits song of all time.
Stranger Than Paradise (1984),"For a while now, I've held an interest in the American neorealist sub-genre as a sort of precursor to the more modern mumblecore cinema. It provides a station for which filmmakers such as Jarmusch can express the mundanities of everyday life in a way that feels like a reflection of the viewers' feelings when watching it. In Stranger Than Paradise , we feel like a fish out of water in the same way that this Hungarian émigrée does, as between each fading transition between the one-take scenes, we're equally thrown into a new environment, forced to confront the unknown surroundings. It's not a film that particularly aims to highlight the indigent nature of its protagonists, as Jarmusch recognises that that is just part and parcel of life, and instead it focuses on the the ennui of this coming of age story which so often perforates the film's surface in much the same way as Sean Baker and Shih-Ching Tsou's Take Out . It's monotonous and filled with things left unsaid, just like real life, and I suppose that's the reason I find myself gravitating towards this style of films so much because instead of acting as a form of escapism, it serves as more of a reminder that life can often follow a predictable path, where things can seem to feel and look all the same, and while breaking apart from that cycle is difficult, it's also necessary if you actually want to live."
The Bitter Tears of Petra von Kant (1972),"""You're with someone in a car or in a room and you want to say something, but you're afraid. Or you'd like to be affectionate but again you're afraid. You're afraid of losing points, of being the weaker one. It's a terrible moment when you can no longer go back and start again."""
Sicario: Day of the Soldado (2018),"Sicario: Day of the Soldado was realistically never going to reach the heights of the first after losing both Deakins and Villeneuve- two vital components of what made the first film so great. It's much more on the nose than the first, likely due to Sheridan- one of the few things that was retained from Sicario - wanting to make a substantial enough deviation from the predecessor so that this has its own distinct feel. While it does house some rather exhilarating set pieces, they never seem to accomplish the same impact as before. It's more rigid politically in comparison to the morally grey area that the first film spends much time around, which works in a way that it does feel assured of itself, but the film ends before it can ever reach a real conclusion to these themes. Benicio Del Toro and Josh Brolin remain a powerful duo, but losing the dynamic of the inexperienced rookie in Emily Blunt and lazily trying to recapture that with a one-sided mismatch in Isabel Merced offers little to nothing. It very much feels like the El Camino to Sicario 's Breaking Bad- a subpar and unnecessary epilogue that leaves you with more questions than answers."
Elevator to the Gallows (1958),That Miles Davis trumpet score was majestic.
Belly (1998),"Many of the films that were released approaching the turn of the new millennium share this same nihilism about the future that Hype Williams' Belly has. It's like this time capsule of 90s hip-hop culture, with every neon-dipped, low-angled shot reminiscent of all the iconic music videos from Biggie to Missy Elliott that Williams had a hand in, so assuredly capturing the vérité of that hood lifestyle. While you can feel its $3 million budget slowly dwindle away as the film progresses, using the bulk of it to shoot what is probably one of the best opening sequences ever put to film was sincerely no mistake."
On the Silver Globe (1988),"""The shooting of On the Silver Globe was halted in the spring of 1977. All the sets and costumes needed to complete the production, which began two years previously, were ready and waiting in Wrocław, Lower Silesia, the Masurian Lakes, and the Caucasus Mountains. All of these sets, costumes and props were destroyed. For many years, the film technicians, wardrobe-dressers and set-builders, stashed whatever they could, in studio recesses and their own homes. I am thinking about them as I finish this film, believing that the small drama of this film and the larger and more noble drama of our lives will continue to interweave into a web of triumphs and failures. My name is Andrzej Żuławski, I directed On the Silver Globe"" Only 80% of On the Silver Globe exists today. The rest was either destroyed or never able to be filmed as the Polish government deemed it to be critical of Poland's communist regime. Eventually, shortly prior to the democratisation of Poland, On the Silver Globe was released as a sort of cut down version of what it was originally meant to be, with Żuławski himself narrating of pieces of the lost narrative. In some way, this turbulent backstory only serves to highlight the importance of freedom, a fundamental principle of which Żuławski explores so much in this film. It's this context, this missing 20%, which led to this philosophical odyssey being heralded as one of the greatest sci-fi epics ever put to screen. There exists a certain arrogance in the personification of divine concepts. Mother Nature and Father Time. Is it familiarity we seek, or is it simply putting a face to what we are instinctively led to kill and subsequently worship? As Nietzsche so famously said, ""God is dead."" If God was a mortal man who lived and died among us, what does that mean for our ideology? Even if we hold no knowledge of the past, is history still doomed to repeat itself? Through all this war, rising from the ashes of a broken society, religion is formed purely out of necessity, not desire; a body to lend our countless unknowings to. But is it truly freedom if it's born out of fear, or is it simply an instinct- an innate craving to just survive."
Gone Girl (2014),"Watching this again almost ten years on and only now noticing that this is probably Fincher's funniest film. I mean, just the face on Ben Affleck when he says ""I know this one!"" is hilarious. Also Laray Mayfield needs a raise for some of the best casting ever (and this extends to The Social Network too) because Rosamund Pike, Ben Affleck, and Neil Patrick Harris are such genius decisions for these roles and are 90% of what makes this film so good."
Into the Wild (2007),"Into the Wild works best when it's simply just a road-trip travel movie about appreciating the small things in life we take for granted, and I definitely have a soft spot for films that make me just want to ditch everything and travel the world. But when Penn delves into this pseudo-intellectualist pastiche of Malick and shoehorns in a ton of religious imagery and symbolism, the film becomes unbelievably grating. There's definitely a good film in here somewhere, mostly in the interactions with the side characters, but you'd need to shave around a lot of that mess for it to begin to rear its head."
Jane Eyre (2011),"Coming off the back of watching True Detective season one, which many consider to be Fukunaga's opus, to watching this feels like a refreshing deviation from what was expected. That's not to say that both projects don't share the same liberal usage of wide shots over a vast field that Fukunaga loves so much, but it's nice to see where he was at before that point. Period dramas can often become overly melodramatic and bland with their antiquated speech and unvarying shot compositions. However, Moira Buffini's script makes the dialogue feel real instead of like a theatre piece, much of those complements carrying over to Mia Wasikowska and Michael Fassbender's performances as well, the former of which I wish was in more starring roles, and Fukunaga's camerawork remains interesting throughout, capturing some gorgeous naturalistic visuals on 35mm."
"That Day, on the Beach (1983)","Absolutely insane to me the level of cinematic maturity and emotional depth of characters in Yang's early work. He really was one of the greatest to ever do it. I have so many thoughts, but I think I'll leave them in my mind as just thoughts, and instead simply reiterate how much I loved this."
Starship Troopers (1997),"""Would you like to know more?"" When your satire becomes better than the things you're satirising, you get... well Paul Verhoeven I guess. Starship Troopers is a deceptively scornful critique of American chauvinism and the obsessive hyper-focus on the military as a form of entertainment, with that advertisement even reaching kids, and the mindless violence that spreads as a result. We aren't told how this war with the arachnids starts, except in a passing comment that states the humans invaded their land, but they're presented as gross, stupid creatures to make it easier to stomach the consequences of obliterating their homeland. Verhoeven ingeniously splices in news footage as a representation of propaganda, and even begins what you expect to be a sci-fi action B movie as a high-school flick, with a predominantly white cohort in spite of it being set in Buenos Aires for no apparent reason until you think for a few more seconds. It's so hilariously brilliant how much of this probably would have totally flown over the heads of the people watching this at release."
La Notte (1961),"""But darling, not everyone can create something lasting."" It can be a hard concept to grasp that all things must come to an end. Buildings erected centuries ago eventually collapse. Words in a novel fade away. Love between partners ultimately concludes. Through Antonioni's masterful direction, we see the disjointed nature of this couple over a period of a single day, with shadows, reflections, and silhouettes acting as a means of expression for the characters, as they are unable to express themselves. There's a universality to be felt in the message Antonioni aims to convey here; that we must embrace the impermanence of our existence, else feelings will remain unheard, and connections will remain unfulfilled."
Super 8 (2011),"Definitely feels like Spielberg-lite, which isn't too surprising seeing as he produced this. Though Super 8 has all the ingredients it needs to be a compelling sci-fi story, it never quite sticks the landing. Some of the characters just feel like they exist only to fulfil certain plot points, and the main group of kids don't have enough of an interesting dynamic together. Still, it's impressive that J.J. Abrams managed to essentially revitalise the appeal for this 80s nostalgia sub-genre, as seen by the massive audience for the subsequent release of Stranger Things ."
The Lego Movie (2014),Will Arnett's Batman carries this movie. I think I'll enjoy The Lego Batman Movie more.
The Happening (2008),"Hardly the worst film of all time as touted by thousands upon thousands of reviewers since the release of The Happening in 2008. Watching this post pandemic, there's definitely this eerie sensibility of barren streets and mass hysteria that Shyamalan manages to get bang on, as well as the feeling of self-preservation in the face of adversity. Sure the dialogue is often horrendous and the acting isn't the best either, but hardly anyone would be able to capture the sense of unease that The Happening has. It manages to push through an environmentalist message, as well as highlight the idiocy of certain media outlets to speculate and downplay the worries of experts. It's a scenario that's frighteningly evocative of recent times. Had this been campier and most of the script been reworked, I don't think as many people would be as taken aback by a minority calling this a masterpiece."
Rear Window (1954),"Some of the best production design I've ever seen. Also, Grace Kelly is hot."
Far from the Madding Crowd (2015),"I just love a good period piece, and with seasoned Danish director Thomas Vinterberg venturing into his first English language film, photographing the British countryside with such poise and beauty, it'd be a hard task for me to not love Far From The Madding Crowd . Carey Mulligan is stellar as per usual, but as are the supporting cast too, with every pained glance of repressed love communicating so much emotion with so little."
Anatomy of a Fall (2023),"Justine Triet's Palme d'Or winning Anatomy of a Fall is another courtroom drama in a year that is seemingly dominated by the sub-genre in some kind of mini resurgence. Although, unlike its peers, it seems less interested in the result of the case, and more concerned with deconstructing the judicial system, and by extension the media coverage that spans as a result, in how it can misconstrue and depict snippets of our lives as if they were some whole, realised truth. It highlights the danger of conflating opinions with facts, and how the distortion of the truth impacts the relationship between a mother and her son. It's a deceptively straightforward narrative as it asks us to examine the means by which we pick apart people's lives, be that in a courtroom or behind a television screen, rather than any particular outcome. Our feelings as a viewer of whether we think it's a murder or a suicide or merely an undramatic accident specifically tie into every piece of information we learn about this failing marriage; it is as much a dissection of the mystery behind a death than it is of a couple who feel equally as trapped in their relationship as one another, albeit in vastly different ways. We gravitate to either potential verdict, and therefore with the son's painful position, along with either side of this marital battle. Anatomy of a Fall is a film that lends itself to rewatches not only to see which way the evidence turns you, because Triet argues that the outcome is rather inconsequential in the face of the damage that the process brings, but to see how exactly our lives can come across when diminished to the objectivity of facts, and whether it's fair to judge an entire person and their relationships by this depersonalised version of themselves."
Equals (2015),"Equals bolsters some interesting yet limited production design, but unfortunately that's where the interesting parts of the film end. It never quite feels like its own film with its own message. It's neither gripping enough to be a thriller, nor funny enough to be a decent satire, and you feel like it really needs to commit to either of these directions for it to be successful. Stewart and Hoult do largely well with what they're given to work with (which is precisely zero at the start so you have to commend them for that I suppose). Other than that Equals remains true to its premise in that its painfully dull, with Dustin O'Halloran's shallow piano score playing seemingly incessantly over a compilation of what ends up feeling like stock footage of the leading duo's appendages grazing longingly past one another."
127 Hours (2010),"Usually a fan of Danny Boyle's visual flair, but it really doesn't work for me here, particularly the editing and weird stylistic choices. It just feels like it's trying way too hard to not be boring that it actually gets irritating at some point. Other than a surprisingly good performance from Franco and a few moments of impressive sound design, there really isn't enough here to keep me engaged, and 127 Hours would have probably been best suited as a documentary instead."
Brothers (2009),"This probably could have been a pretty good understated drama if it didn't try to bash you over the head with its performances and dialogue constantly. Sometimes less is more, and in the case of Brothers , a lot less was required, even though it just sort of ends without anything to say. Weirdly enough, I think the child actors Bailee Madison and Taylor Geare probably gave the best performances in the film because they're the least in your face."
Idiocracy (2006),"Some weirdly good production design which makes me think that Mike Judge could have possibly made a half-decent sci-fi flick had this not been bogged down by some of the worst comedy I've ever had the displeasure of watching. I literally only exhaled out of my nostrils once and that was from a throwaway line that said, ""Welcome to Costco. I love you."". Awful, awful stuff."
"Are You There God? It's Me, Margaret. (2023)","Why hasn't there been more of a push for a Rachel McAdams Best Supporting Actress campaign? But really, why aren't people talking about this more, because it's seriously one of the best films of the year. It's so sweet and honest and terrifically performed all around- Abby Ryder Forston's comedic timing is seriously on point, and you can trace that all the way back to her being 7 years old in Ant Man ."
Die Hard (1988),Now I can finally understand all the references.
Teen Spirit (2018),"This really isn't very great, but I have a soft spot for music films and also Elle Fanning can do no wrong in my eyes."
Twixt (2011),"Thereby concludes my film watching for 2023, and my binge of most of Elle Fanning's filmography which I'm sure will carry over into next year. Admittedly, I really haven't seen enough of Francis Ford Coppola's stuff and I desperately need to see more, and whilst much of the acting and line deliveries in Twixt can seem like a bad dub, I can't bring myself to hate this like many do. First and foremost, some of the digital cinematography here is wonderful, especially in those dream sequences. It's clearly made on a lower budget, but talk about making the most of what you've got because this looks great. Secondly, the story behind this is heartbreaking too, with the death of the daughter in the film being a pretty much exact recreation of what happened to Coppola's own son. I recently learnt that it was Ryan O'Neal's son that was driving the boat which led to Gian-Carlo Coppola's death, and with the former also sadly passing away this year, it all just feels like a culmination of all these solemn moments put to film. Above all else, Twixt is an exploration into losing one's faith in the face of tragedy, and as Coppola so delicately described in his heartwarming memoir about O'Neal's passing, ""Our families are united in tragedy, which is another expression of love."""
Theater Camp (2023),Everyone kinda annoyed me besides Troy and Janet.
Tetris (2023),"Undoubtedly filled with a metric ton of melodrama, but still wildly surprising in just how much of Tetris is true. It's filmed pretty blandly, as most of the made-for-streaming films usually are, and could have probably done with being about 15 minutes shorter as there's definite issues with its pacing. While it doesn't rise to the top of the pool amongst the masses of corporate biopics that were released in 2023, Tetris isn't devoid of any personality whatsoever, but you'd think a film about one of the most popular video games of all time would be just a little bit more fun."
The Insider (1999),"How Mann delivers two certifiable masterpieces, both starring Al Pacino, within four years of one another is beyond comprehension. The Insider is for all intents and purposes the pinnacle of investigative journalism in film, with Mann's trademark command over a city skyline now shining the shared quote-unquote spotlight on the blatant felonies committed by Big Tobacco as well as the passive complicity of the media organisations investigating them alike. It questions whether voicing the truth to the masses is a moral responsibility and the scale by which doing nothing actually becomes selfish. Crowe gives what is probably my favourite performance of his career (bar maybe The Nice Guys, but that's a different conversation) not only because it's so understated, but because of the decision to sideline his character for the majority of the third act; at this point we as the viewer assume the role of a member of the American public, hearing only the interview once it goes live, but then moving onto news of the Unabomber within just a few days. ""Fame has a fifteen minute half-life, infamy lasts a little longer."""
Lilya 4-ever (2002),"""You remain dead for all eternity, but you're alive only for a brief moment."" Lilya 4-Ever reminded me in part of Lynne Ramsay's Ratcatcher except it's bleaker in just about every conceivable way. It's a depiction of poverty in a place where dreams remain as dreams, and any hopes for a better future are shattered by the painful truth of reality. Oksana Akinshina makes this film all the more harrowing to experience because her naivety gives us some semblance of hope that things might just end up the way she thinks they will, even though deep down we, and Volodya for that matter, know better. It feels terrifyingly documentarian because it's a story that's sadly not that original, and the cycles which fuel abandonment and abuse continue to turn to this day."
Eileen (2023),"It's like Oldroyd saw Carol and was like 'I reckon I can do something like that' and then just gives us this absolute nothingburger of a film in Eileen . It feels like it has the ingredients to be compelling, with some strange yet intriguing cross between film noir and Stephen King, but the film never pushes any boundaries or feels at all transgressive. It feels like two halves of two films that were pushed together, and both sides of the story feel incomplete and ultimately anticlimactic."
"Goodbye, Dragon Inn (2003)","There's something about the act of observing that holds a special kind of escapism to it. It can be invasive and dangerous sometimes, sure, but seeing something play out while you have no control over the outcome is oddly cathartic. There's no need to struggle to grasp control if it isn't possible for you to have any. I suppose that's why film, and more specifically, movie theatres, are such popular places for finding solace because they're a common ground for people who are trying to relinquish control. They don't communicate with each other in the same way that silent stars of a bygone era don't either; they simply exist in the same dying-scape. What is it about a camera that lingers far too long on an empty space that feels poignant? While our actions in and of themselves may be mundane, there's still importance to the permanence of what we leave behind. It makes certain that even the smallest of our choices hold weight, so that any feeling, including the seemingly endless malaise, isn't unjustified. Tsai Ming-liang creates an almost epitomised version of slow cinema in Goodbye, Dragon Inn, with the film serving as a reflection towards that style, and an homage to the heyday of moviegoing."
Seconds (1966),Wasn't sure about this until that naked grape-stomping party happened and then I was all in.
Frankenstein (1931),Has no right to look this good for 1931.
Crimson Peak (2015),"Visually stellar like most of GDT's work, and I loved the Gothicism even though it feels like he could have used the location a bit more to tell the story."
The Lord of the Rings: The Fellowship of the Ring (2001),"It's always an intimidating task to enter the vast world of a fantasy franchise, especially one as revered as this. For such a long time, The Lord of the Rings trilogy has been a major blindspot in my film-watching journey. There's a point in childhood for people born around the same time as me where you either ch ose The Lord of the Rings path or the Harry Potter one, and I chose the latter. It's pretty striking how many similarities there are between each of those stories, though, but with Tolkien's epic releasing some 43 years prior, it's clear to see which inspired which. It feels strange to liken The Fellowship of the Ring to a Werner Herzog film, but much of this did remind me of Aguirre, the Wrath of God . The reason so much of this works for me is that you can feel the environment all these characters are voyaging through because of the on-location filming. Sure, there's green screen work here and there, and some of it has aged poorly, whereas other parts have aged pretty damn well, but it never feels too much to the point where you no longer care about the characters because the stakes don't feel real. As I said before, it's been a long time coming for me to watch these films, and I'm excited to get onto the next."
Rush (2013),"Can't say I know a ton about F1, but you'd be hard pressed to find someone with even as minimal knowledge as me that hadn't at least heard of the name Niki Lauda. Not usually a massive fan of Ron Howard's work but this was surprisingly good. The opposing motivations of Lauda and Hunt make for the perfect driving force to carry the film forward with. With Michael Mann's Ferrari currently in cinemas which I'm itching to watch, it's pretty interesting to see the flip-side of what I assume that story will explore here."
Ghosted (2023),I think I've had dreams that were better directed than this.
The Others (2001),"Really don't think the plot-twist is as mind blowing as people made it out to be, but maybe I would have been more surprised had I not known there was a plot-twist at all. Either way, Nicole Kidman is pretty great here, as are each of the child actors."
Parallel Mothers (2021),"My first Almodóvar and I loved it- the one thing I went into this expecting was a flourish of colour and I was not disappointed. I thought it made sense to start with the film that I had missed around the 2022 awards season, but there's no doubt I'll be revisiting this once I get through the rest of his films. Penélope Cruz is outstanding here, and I'm surprised she didn't get more buzz around that time either even though she was nominated. Parallel Mothers reminded me a bit of Mike Leigh's Secrets & Lies , not only with its fairly low budget, but with its heart-wrenching story of reconnection. Almodóvar weaves the troubled history of Spain into this thematic core which works ever so well. Can't wait to explore more of his filmography."
The Family Man (2000),Might have to go on a hallmark movie binge or just a Nick Cage one this year because this slapped.
A Star Is Born (2018),"I really loved the first hour of this, but after that point, it seems like A Star is Born simply gets muddled up in its own messaging. Lady Gaga's character's whole aim was to make it on her own in the music business, but why does it feel at every juncture that she only exists for the connection to her husband? And why is it that her venture into a more mainstream pop genre is frowned upon, and she's shown to be only truly happy and fulfilled when she's singing country music? I really don't know what Cooper is trying to say here with that, and I wonder how much the other (3?) versions of this film will compare to this narrative. Nevertheless, the music is pretty terrific here (Shallow in particular) and Bradley Cooper absolutely kills it. It's no wonder he's campaigning so hard for Maestro because he was totally robbed by Rami Malek winning Best Actor in 2019 for the clusterfuck that was Bohemian Rhapsody. I'm less convinced about Lady Gaga, although considering this was still early on in her acting career, and the fact that she's not really as fleshed out as she could have been, I'll give her the benefit of the doubt at least until I've seen House of Gucci and Joker: Folie à Deux later this year."
Gattaca (1997),"There's something about cheesy 90s sci-fi that I just love and this is no exception. In a parallel universe, Ethan Hawke is in The Talented Mr. Ripley with Jude Law instead of Matt Damon, and I do wonder what that world would look like."
The Founder (2016),"The kind of film that leaves you by the end wondering, ""So what was the point?"" As many have pointed out, this is essentially The Social Network but with more burgers, and a heck of a lot less gumption than the Fincher/Sorkin pair provides. It also utterly wastes Laura Dern, which is a sin in and of itself."
Ferrari (2023),"""Make no mistake. All of us are racers. We all are certain it will never happen to me. Then my friend is killed. I give up racing forever on Monday. I'm back racing by Sunday. We all know it's our deadly passion. Our terrible joy."" There's no question Michael Mann excels when telling a story about a professional in his craft. But Ferrari is a film less concerned about the inner workings of a V12 engine and more about the dynamics of a broken family. When you're racing through life at a blistering speed, the view from the mirror can be a blur, and it's only when the dust settles that everything catches up to you at once. Yet, in spite of all the commotion and noise, you go straight back to work because you know it's the only thing that reignites the fire that you once so readily had burning in your chest."
Belle de Jour (1967),These French mfs are horny as hell.
The Deer Hunter (1978),"Much like how Coppola begins The Godfather with a party, more specifically a wedding, Cimino does the same with The Deer Hunter . These celebrations of life and new beginnings help to emphasise the loss felt when that life is later taken away and when those beginnings are cut short. Walken and De Niro are phenomenal here, and while, of course, there are questions to be had over historical accuracy, I think in some cases, as long as the changes aren't egregious, it doesn't really matter that much. The first hour certainly takes its time, but everything after is just terrific."
Under the Skin (2013),"Haven't stopped thinking about this since I first saw it. Assuredly one of the very best films of the 21st century, with no boundary between what's real and what's not. Absolute masterwork from Glazer, Levi and Landin. Modern masterpiece."
Blue Valentine (2010),Someone needs to get Michelle Williams in a rom-com where they live happily ever after.
You Were Never Really Here (2017),"Thought I had seen this but I was, for some odd reason, confusing it with Fractured with Sam Worthington, which now, reading the description, is ironic for two reasons. One, because I have near zero recollection of the film, and two, is that it probably couldn't be further from You Were Never Really Here . Just from its opening alone, you can tell Lynne Ramsay seriously has the sauce. It's a total deconstruction of the standard revenge flick, subverting expectations at every turn, and seeped in this enigmatic, arthouse allure that keeps it ever so intriguing. It reminds me of a more surrealist version of Fincher's The Killer if the protagonist had been a grimy, trauma-ridden depressive instead of a chronically online perfectionist. As such, it only makes sense to cast Joaquin, as he's always unrelentingly committed to every role, sometimes freakishly so, and that doesn't change here. In that same vein, Jonny Greenwood's thumping score is propulsive, and he never puts forth a half-hearted effort."
Hell or High Water (2016),"That one monologue about how the land was stolen from the indigenous by the colonisers, to then be stolen from the colonisers by the banks and capitalist institutions is such good writing. Sheridan can really bring the heat when he wants to."
The Lord of the Rings: The Return of the King (2003),"Filled with quite a few plot contrivances and dei ex machina that pissed me off a fair bit, but can't fully bring myself to be that annoyed by this conclusion to the trilogy. Perhaps I'll revisit the extended versions in time to see how they compare with these, but for now I'd say Fellowship of the Ring was my favourite by far."
Another Year (2010),"Mike Leigh's ability to elicit such mind-blowing performances from his cast is second to none, and Another Year is yet another example of that. He shows so much respect and care for his actors, allowing them to sink themselves into these characters that we can all either relate to or aspire to be more like. Lesley Manville is an absolute revelation here, as is the entire cast for that matter, but she really stands out as this person who things have just gone wrong at every turn for. One of my biggest fears is growing into an idle person who has nothing going for them- no hopes, desires, or accomplishments- just a life of sheer monotony. Mike Leigh explores these feelings of isolation through a web of interconnectedness, demonstrating that even if we share the same feelings as others, we still may never feel more alone. I do question the inclusion of Imelda Staunton's character at the beginning of the film (don't get me wrong, it's a phenomenally acted part for such little time), as she neither provides any semblance of hope when you hit rock bottom nor a sense that one is beyond reproach when you end up there. Perhaps it's just a glimpse of what Mary could end up being, or rather a nice touch to show that nobody is too far gone to receive help. Either way, it's a heartbreaking portrayal of regret, something that I'm coming to learn is a common theme across Leigh's films."
Fallen Leaves (2023),I love karaoke scenes in movies.
Man on Fire (2004),"Hey Disney+, you know can add subtitles instead of just putting '(Talking in Spanish)' ? Missed about 20% of the dialogue and had to figure things out from context because of that. Also, this was way too long anyway; it was at it's best when Dakota was in it."
The Godfather Part III (1990),"Sometime ago, after watching and revelling in the two masterpieces that were The Godfather and The Godfather: Part II , I made a mistake that I always try to avoid when going into films, and that was letting public opinion dissuade me from completing the trilogy. Part of me is glad, now, that I decided to wait, as my growth in cinematic maturity tells me I probably would have been swayed by the consensus that The Godfather: Part III was a bad film and a disservice to its predecessors, because frankly, it just isn't. Watching the re-edited CODA cut of the film, closer in vision to what Coppola aimed to create, it makes sense why expectations weren't quite met as expected for many. Firstly, this isn't really a continuation of the themes explored before, and likewise, doesn't carry the same weight of catharsis that one might expect from a conclusion. But more than anything, The Godfather: Part III serves as an epilogue to the saga, with a man desperate to find solace in what he leaves behind, but his sins don't afford him that luxury. While it's clear that there are moments in this film that are severely less refined- some poor acting, shoddy dialogue mostly hampered by ADR, and sparse moments of a made-for-TV aesthetic- there is still an abundance of prestige filmmaking too. Not only that, but Pacino is still fantastic, and Andy Garcia's Vincent Mancini is an absolute welcome addition, besides the awful cousin-love subplot mind you, with his character only furthering the cyclical nature of greed and power. It may have been overshadowed by its legendary counterparts, as well as the release of Scorsese's Goodfellas in the same year (both of which include a minor role for Catherine Scorsese, which I found fun), but that doesn't mean by any means that, at least in its intended form, The Godfather: Part III is an unworthy sequel and conclusion."
Fish Tank (2009),"Just terrific stuff all round- any film that uses Life's a Bitch to close things up is automatically amazing in my book. In many of these so-called kitchen-sink dramas, they nail their depiction of the day-to-day struggle of living in poverty, but often fail to build up to an ending that shows either a descent towards tragedy or a climb towards hope. Andrea Arnold's Fish Tank is one of the few that does both. Crafted with many of the same pastels as kindred filmmaker Sean Baker makes use of in The Florida Project , but contrastingly lain atop the backdrop of the trademark overcast British sky and its abundant concrete housing projects, Fish Tank set in a time of uncertainty as the dawn of the rapid change that was 2010s fast approaches, driven by powerful performances and a fittingly chaotic mix of pop, R&B, hip-hop, and jungle on the soundtrack. Most of the time, the film can be achingly cynical, but at others, it can be beautifully optimistic."
Doubt (2008),"Decided to watch this after seeing it was 10 years since Philip Seymour Hoffman's passing, and he really was one of the best actors ever. Absolute powerhouse performances all around here from PSH, Meryl Streep, Amy Adams, and Viola Davis. Think the pacing is a little off and this could have done with being a bit longer though."
Peppermint Candy (1999),"At the beginning of Peppermint Candy , we see a man climb onto some train tracks, clearly intent on committing suicide. But just before the train connects with Yeong-ho, the camera cuts away, as its passing shadow flashes upon the horrified face of a man he once knew 20 years prior. Through vignettes moving gradually backwards in time connected by reversed footage of a train moving forwards, Lee Chang-dong provides minuscule bits of information that help contextualise how Yeong-ho came to be so nihilistic, and as such, makes a commentary on societal changes throughout South Korea from the 70s through to the late 90s. With Burning and Secret Sunshine being some of my favourite films ever, I don't think there was any doubt that I was going to love this too, even if the backwards storytelling took a while to get used to."
The Marvels (2023),"The Marvels was the first Marvel film I hadn't seen in theatres since probably The Avengers in 2012, but I think it's safe to say my interest had been waning for a while, especially after the disasters that were Ant-Man and the Wasp: Quantumania and Thor: Love and Thunder , not to mention a heap of woeful TV shows. However, I'd like to say I was pleasantly surprised, although that may have been helped by my rock-bottom expectations. The first 20 minutes of this are some of the most fun I've had with an MCU project in some time, and while there's still a whole host of problems with characterisation, the way it looks when it's not a CGI frame of space, and the fact that you'd have to watch 2 (arguably 4) TV shows and another film (again arguably more if we're talking about the post-credits scene) to get all the context, I still had fun. Kamala Khan is easily the standout of the film with Iman Vellani's enthusiasm and excitement just piercing the screen, Brie Larson is better here than in Captain Marvel but still she's given not much to work with, and Monica Rambeau is just sort of there. The villain is honestly just a mannequin and could have been anyone, and there were definitely deeper places that could have been gone to considering her motivations, but eventually with a 105-minute runtime, which is considerably less than its counterparts which is very much welcome, there's only so much that could have been explored. P.S. How funny would it have been if there was just a random Nope inspired digestion scene but with the cats."
Only Lovers Left Alive (2013),"Safe to say quite a few of the literary references went over my head, but really did enjoy the vibe here, and it's great to see a spin on a vampire story where they're just moody nihilists drowning in their own immortality and subsequent ennui. Jarmusch clearly has a passion for anthropology which shines through most of all here."
Landscape in the Mist (1988),"""If I were to shout, who would hear me out of the armies of angels?"" It seems fitting that many of the Greek stories of legend involve a journey. Theo Angelopoulos creates this all encompassing odyssey of life within Landscape in the Mist , and chooses to centre the narrative on two children who have yet to experience it. It's a quest towards hope when every moment, and every painful loss of innocence, suggests that the goal is nowhere to be found. Yet still, amidst all obstacles, they journey on. It's only when things are shrouded in the mist of uncertainty, and when all hope seems lost, does the answer rear its head, and the destination is reached, though it's not the same place you thought you were heading towards."
Vice (2018),"After every Adam McKay feature I somewhat begrudgingly watch nowadays, I find that I have to exhaustingly remind myself, ""Hey at least The Big Short was pretty great, huh?"" Vice is a masturbatory flip book through American politics, with McKay thinking it's enough to simply slideshow his way though social commentary instead of actually embedding it in the narrative. For someone who admittedly knows little about Dick Cheney and the surrounding elusiveness of his tenure, I learned surprisingly little here, and while I do admire McKay's ability to summarise information such that it is digestible, I don't need it to be spoon-fed to me."
Big Fish (2003),"Not really a big fan of Tim Burton's work if I'm honest, but I do admittedly have a few big ones left to see, so time will tell if my general disposition towards his work changes. I'm not usually one for the overly endearing films, especially with how much this evoked Forrest Gump in the first half, but I didn't mind this, mostly all because of Billy Crudup though. I just wish there was more about how much of a bad father Edward Bloom was though, and I liked when you could explain the stories as a means for him to romanticise his life, but I don't think the ending particularly helps in that regard in satisfying that explanation, even with the display of slight inconsistency between his stories and real life with the twins."
Detachment (2011),"It was hard for me to not think during Detachment that a director such as Kenneth Lonergan could have made a film ten times more compelling with the material. There's definitely something to be said here about the give-and-take nature of the American schooling system, and, by extension, the education industry as a whole. It's certainly a thankless job, one which I assume is the occupational equivalent of an acquired taste, even if it's not bogged down by a barrage of misery as shown here. Through a jarring direct address, Adrian Brody narrates his way through alleys of nihilism concerning today's youth, questioning whether his attempts at guidance are making any dent of a difference in the way they see the world. There's an interesting didacticism with which this teacher draws from the pain of his own experience to then try to ameliorate that for his students. But much like the educational lifespan of a substitute teacher, these lessons are short lived. Now, this alone would provide enough compelling narrative to work around, but Detachment begins to meander with this underage sex worker saviour plot line that just reads like an incel's fan-fiction, and doesn't really add much thematically to the main story. So with that, coupled with some terribly on the nose character moments, I'm on the fence with the film."
Solaris (1972),"The whistling of birdsong, the patter of raindrops, the rush of city traffic. All these sounds exist in perpetuity within the background of our lives, and yet we only notice their presence when they're not there, or when we're a million miles away. It's only once you're removed from all the noise does the silence feel even more alienating. Tarkovsky's self-proclaimed failed creation Solaris provides a basis for the concepts of memory that he would then go on to master with Mirror , denoting how our past experiences affect our future ones. It explores the loss of humanity as a cost of the pursuit of knowledge, and how, if one aims to strive closer to the divine, the sacrifice is immeasurable."
...And Justice for All (1979),"...And Justice for All is pretty much a mess tonally, and yet it all just works for me. It goes from a sincere and distressing look at how the judicial system fails people on both sides of the law one minute to a wacky sitcom-like bit in the next. For all intents and purposes, it should not work, but with Jewison's stellar directing combined with one of Al Pacino's finest performances, it absolutely does. Perhaps it's a little on the nose to have a defence lawyer be so morally righteous, and it probably would have been better for him to have his own selfish motivations as times to create more of a growth arc. But nevertheless, this is terrific stuff all over."
I Think We're Alone Now (2018),They didn't even needle drop the song.
Rustin (2023),"Rustin is unequivocally dull, both cinematographically and narratively, which is surprising since the story holds so much weight to it. Colman Domingo is impressive as the leading man, but is left rattling off ultimately inconsequential monologues in a time where consequence was everything. The one black-and-white bus scene was really the only thing that gripped my attention, but the rest left me feeling rather hollow. It's rather ironic that a film also starring Jeffrey Wright can seem like such an apt summary of part of the message that Cord Jefferson explored in American Fiction in the same year about how black stories (and queer stories for that matter) can be restricted to their politics when really they're about so much more."
Hunger (2008),"The 17 minute unbroken long take dialogue between Fassbender and Cunningham is insane. Incredible debut from McQueen. Definitely need to check out the Small Axe anthology film series, and Occupied City whenever that releases."
Benny's Video (1992),"I recently found myself coming across Haneke's criticism of Spielberg's Schindler's List , saying, in so many words, that it's perverse to aim for entertainment when depicting something so harrowing. After watching The Zone of Interest and how Glazer portrays the casual complicity with which quote-unquote regular people show in situations of unfathomable horror, Haneke's words rang around my head even more, likely more so because of comparisons to The White Ribbon . Not only do I think I should probably revisit Schindler's List , especially after learning more about the misrepresentation of Oskar Schindler in the film, but I also think I should reconsider the way I view violence in media as opposed to real life. Benny's Video examines how to observe violence through the barrier of a screen, but instead of focussing on voyeurism, it rather brilliantly looks at desensitisation, and how one can just as easily mop up spilled blood as spilled milk. We find ourselves empathising with Benny's parents when they're put in an impossible situation, and begin to strategise with them about how they are going to escape it. Without even thinking, we lend ourselves to complicity, once again through the safety of a screen. People are products of their environment, yes, but what Benny's Video so expertly demonstrates is how people can conversely shape the environment that they're in, just so they can see what it's like. Much of the film, including Arno Frisch's chilling performance, laid the foundation for its successor, Funny Games, where Haneke calls out the viewer for the aforementioned complicity, and explores a world of consequences where there is no alternative. For so many, the choice of adapting to your environment isn't really a choice at all. So when we see footage of a pig being slaughtered on a farm, it feels uncomfortable, but when we see what's essentially the same thing in an Egyptian village with a chicken, it feels normal. One feels cold and emotionless; the other feels necessary. Whether viewing footage of war on the news or seeing the same in a film, it's important to make that distinction to avoid blurring the lines on how truly awful real suffering can be."
Michael Clayton (2007),"Sometimes, on this app, I rate films accompanied by a meticulously crafted short essay of justification as to why I felt that way about them. Other times I rate them based on whether they have the sauce. And Michael Clayton has the sauce. Heaps of it in fact."
50/50 (2011),He's a stronger man than me. I think I would've folded for BDH.
Possessor (2020),"Leagues above Infinity Pool. I can now forgive Andrea Riseborough for her To Leslie campaigning debacle because she's sensational here, as is Christopher Abbott. Dark, eerie, and psychedelic in ways that other elevated horrors only wish they could reach."
NYAD (2023),"Set aside the controversy behind Diana Nyad's claims and achievements, which is enough to criticise the film in its own right, NYAD is still a woefully vapid biopic with enough pointless filler to make your average Oscar-bait feature look like a masterpiece. There's no depth to any of the characters, besides whatever Jodie Foster can muster just on charisma alone, and the creative decisions don't go beyond that of an unimaginative documentary."
The Big Sick (2017),"Loved how personal this was; you could really feel that all the way throughout. Not usually a massive fan of Kumail Nanjiani and frankly his stand up bits in this still weren't that funny, but nonetheless still really enjoyed this. Might be a new comfort movie of mine."
Not Another Teen Movie (2001),"Whenever I watch a parody movie, I think, ""Wow this is awful, why did they ever make this?"" But at the same time I weirdly miss that they don't really make them anymore. I mean, this contains just about every negatively connoted '-ism' in the world, but there are a couple jokes and references here and there that kind of land. Maybe there's just such a low bar set for these kinds of movies that this one just doesn't suck as much by comparison, but it does still suck quite a bit."
El Conde (2023),"Certainly smug and without a doubt on the nose, Larraín's El Conde aims this satire about Chilean dictator Augusto Pinochet more towards a mockery of the parasitic nature of his fascist rule than to any particular event under it. In much the same way as Ridley Scott navigated the life of his own sleazy, militarist juvenile in Napoleon without any real strive for accuracy, El Conde also reads as a purposefully lightly-researched opinion piece. It's a trait that serves in its favour when conducting these witty, Knives Out style interviews with Pinochet's family, or when it turns to its vampiric horror, but works against it when it tries to do anything more."
Ran (1985),"""It is the gods who weep. They see us killing each other over and over since time began. They can't save us from ourselves."" Definitely drags a little in the midsection, but everything surrounding it is pure mastery. Ran is my first Akira Kurosawa film in colour, and wow, does he make use of it. Probably one of the best-looking films I've ever seen, from stunning battle sequences to idyllic mountains towering over fortresses. Couldn't help but try to laughably draw comparisons to Succession, given that each of them are essentially King Lear adaptations from different eras. It is definitely an interesting conversation to have as to why tragedy draws us in so much, Shakespearean or otherwise, especially when we know that there cannot be any other resolution. Is it holding out hope that we might be wrong, or are these stories just vehicles for us to teach ourselves to appreciate things while they're here? To that end, Ran tells us to not waste time with avarice and greed because that only breeds more of the same, but instead to cherish the things that matter; a sentiment so poignant when you consider the level of artistry achieved by a man who was turning blind, no longer able to experience in the same way the visual medium he had dedicated his life to."
On the Count of Three (2021),"Wanted to love this, but hard to say that it didn't feel a bit disingenuous. Naturally when approaching a subject matter like this, your first thought would to tackle it with a sprinkle of dark humour and the occasional sardonicism. But here, unfortunately, it just does not feel that convincing. Each moment of laughter should either be sharply contrasted with the overarching goal of suicide, or serve as a reminder that life is worth living, but On the Count of Three does neither. Now, you could argue that it chooses this path to deviate from what you'd expect from a film like this, but it's just so painstakingly predictable how this was going to end from the very start. It's a shame really, because I did really enjoy Christopher Abbott and Jerrod Carmichael in their respective roles, but the steps that lead to their mental state just feel too severely underwritten."
Dune: Part Two (2024),"Since the beginning of human existence, religion has been used as a vehicle to provide comfort, give peace, but also to control. In line with Marxist belief, it is an opiate of the people, and given the widespread anticipation for the release of a sequel to Denis Villeneuve's sci-fi epic, Dune , one would be hard-pressed to say that the series hasn't garnered a similar level of euphoric cult following, an ideal that aligns with the basis for this successor. There are few films that can be described as generation-defining, but I don't think there can be any doubt about Dune: Part Two wearing that helm. All throughout history, the tenets of hereditary leadership amidst an immense accumulation of power have led to a weaponised charge for superiority and a subsequent control over those you're supposed to inspire. Ideas drip like poison in tyrannical regimes, so much so that even clairvoyants can turn a blind eye. Paths of feigned morality now lead to a Machiavellian climb to power with flagrant disregard for the cost. These ideas are all wrapped in the shell of an exhilarating blockbuster, which, in the same way as Cameron does in Avatar: The Way of Water , takes the time to allow us to bask in the sheer magnitude of its breathtaking worlds. Chalamet proves to be a formidable leading star, with each of his cast mates equally as compelling, and for once, a franchise leaves me wanting more instead of less. Rest assured, I'll be at the front of the swathes of people waiting restlessly for a third instalment, whenever that may be."
The Guard (2011),"""He's my favourite, Goofy"" Was totally unaware that Queen Maeve was Irish until now."
Jack Reacher (2012),"Nice to see McQuarrie and Cruise teaming up before they struck gold with the Mission: Impossible films. A pretty decent action flick, a bit too long but still fairly fun."
The Color Purple (2023),This just did not want to end.
Blow Out (1981),"""It's a good scream. It's a good scream."" What a picture!"
Eastern Promises (2007),"Must say that I think I much prefer Cronenberg's more obscure work, but this twist on a mob flick is pretty interesting, especially with Viggo Mortensen at the helm. Still have to see A History of Violence and A Dangerous Method to complete their collaborations together, but it's probably one of my favourite career moves for him to go from doing The Lord of the Rings trilogy to these films."
The Gift (2015),This would be the type of film to give me nightmares as a kid because I never really used to watch out-and-out horrors but my parents deemed it plenty fine for me to watch psychological thrillers.
A Bigger Splash (2015),Ralph Fiennes is insane in this.
Lars and the Real Girl (2007),"I'm always a little conflicted about these films about mental illness that sort of deviate from what things would be like in the real world. On the one hand, it is nice seeing this idealised version of what we expect empathy to look like, and it's comforting to live in this escapism if not just for a little while. But on the other hand, it's just not a reflection of what living, and being around someone, with mental illness is like. And I get that things vary from person to person, and that it's not exactly a necessity to show all the harshness, but it's just something that stops me connecting with this entirely."
Happiness (1998),"Alright dude, what the flip?"
Sometimes I Think About Dying (2023),"Sometimes I Think About Dying doesn't bring anything particularly new to the array of quiet Sundance indies that explore similar themes, and while Severance may lead the way in terms of the liminal, office space surrealist pieces, it still has just enough there to feel relatable and warm. Daisy Ridley gives what's probably her best performance to date even though, utterly unfairly, she hasn't been in all that much since her rise from the Star Wars sequels. The film doesn't quite justify even the 94-minute runtime, and would have been probably best suited to being a short instead. Nevertheless, I hope this serves as the propulsion Ridley needs to get herself in more projects, indie or otherwise, but I'm unsure as to whether the upcoming Rey solo film will boost or hamper that progress."
Drive-Away Dolls (2024),Did Ethan Coen just out Emma Seligman Emma Seligman? Idk maybe? Probably not.
Little Fish (2020),"""I was so sad the day I met you, I can't remember why"" Can Olivia Cooke stop being in movies that make me cry? But seriously really love that she finally gets to use her actual voice here. I'm a big of Eternal Sunshine of the Spotless Mind , but I think I actually prefer the more restricted, dialled back approach taken here as it just feels so much more real. Not only that though, but it is set in a pandemic just before the actual pandemic happened, and I can only imagine watching this back then would have made it hit even harder."
Strawberry Mansion (2021),"Some gorgeous imagery and really quite remarkable production design here, especially for the budget, but I can't say that I was all that engaged by the narrative overall besides the love story and I also found the audio to be a bit off. Honestly wish it was just about a man falling in love with a woman through her dreams rather than all the tax audit advertising bits."
Insomnia (2002),"Insomnia is the only feature film in Christopher Nolan's filmography that he didn't at least co-write, and you can definitely feel it here and there. It's a solid cop thriller that gets a little jumbled in the middle, but mostly sticks the landing, although a more biting conclusion definitely could have been reached. Al Pacino and Robin Williams are pretty good here though, and propel us through what would otherwise be some pretty half-baked dialogues. Nevertheless, it feels good to finally finish Nolan's filmography, aside from a few short films."
Speed Racer (2008),Guarantee if I had watched this when it came out it would be one of my favourites of all time and probably would have had a pretty big impact on my childhood. Still glad I'm finally getting around to watching it now though; can only imagine how exhilarating this would be in theatres.
Ricky Stanicky (2024),"Whatever you think of Ricky Stanicky , you have to commend John Cena's commitment to the bit."
Indiana Jones and the Dial of Destiny (2023),"You'd think the most exciting thing for a historian to experience would be to witness first-hand the events that they so diligently study, and while this fifth instalment in the Indiana Jones franchise sees the titular character experience just that, it so pitifully fails at being exciting. On paper, Dial of Destiny had just about everything going for it: Mangold coming off the back of Logan and Ford v Ferrari , Mads Mikkelsen and Boyd Holbrook as the antagonists, and Harrison Ford passionately returning with just about the only character in his filmography he still holds dear. Unfortunately it neither succeeds as a nostalgia-bait homage nor as something new and fresh. For the most part, it's just a nothing film, and while I'm sure watching this on a plane probably didn't help in my immersion, I'm sorely disappointed to say that this is probably my least favourite of the series."
Tenet (2020),"""Don't try to understand it. Feel it."" Still have my issues with this, but on vibes alone there's nothing quite like Tenet in Nolan's filmography, and any issues are diminished to nothing after a temporal pincer movement."
Decision to Leave (2022),"""If grief envelops some like a crashing wave, there are some to whom it spreads more slowly, like ink in water."" Even more spellbinding than when I first watched it. Utterly insane to me that a film of this quality may only be my 3rd or so favourite Park Chan-wook film. The epitome of a neo-noir in the digital world, be that through means of investigation or just the astounding digital cinematography all throughout. Absolutely has to be one of my favourites of the 21st century now."
Galveston (2018),"My first of Laurent's directorial efforts, and I must say I am fairly excited to see more. While the shades of Rustin Cohle from Pizzolatto's novel that this was based on can be felt all over the grizzly character that Ben Foster embodies, it certainly feels like Galveston is at its best when it's more like The Florida Project than True Detective . That being said, Elle Fanning is spectacular as always, and Laurent's direction shines throughout, especially in a head-turning oner that subverts one's expectations from a bloody shootout, with its aftermath leaves more to chew on than simply bullets. But when undertaking a story such as this in just 91 minutes, you need a little more than just that."
Layer Cake (2004),"So funny how wildly different Sally Hawkins and Ben Whishaw are here to their usual roles. Daniel Craig is good. Michael Gambon is great. Sad to see where Vaughn has ended up with his last 3 films being pretty much schlock, even though I've yet to see Argylle , but let's hope that the rumours of some sort of Argylle-Kingsman cinematic universe die a fiery death and he returns to making films like this."
I'm Thinking of Ending Things (2020),"As if A Woman Under the Influence wasn't already a long, long overdue watch, this comes along and gives an insightful and articulate breakdown of the film in a breathless dialogue between Jessie Buckley and Jesse Plemons (only just realised while writing this that they both have near enough the same first name)."
Your Name. (2016),"Not really a massive anime connoisseur outside of Ghibli and a few of the more mainstream series out there, but finally getting around to watching Your Name. has perhaps convinced me to give them more of a go. Absolutely stunning animation that western cinema really can't even get close to, and a cute and heartwarming story to boot."
North by Northwest (1959),"Feels like a bigger and better version of The 39 Steps , with each of these set pieces being more impressive than the last. Ends a little quick for me, but I'd say I've had that same experience for every Hitchcock film so I think it's best just to get used to it. But nevertheless, this is my favourite so far, by far."
Lady Macbeth (2016),"Based on a novella from Russian novelist Nikolai Leskov rather than directly drawing from the original Shakespeare play, Lady Macbeth basks in its slow, sultry darkness, with Florence Pugh encapsulating the familiar manipulative qualities of the eponymous woman in a gradual descent that grows increasingly ominous- a performance indicative of her subsequent deserved propulsion into stardom. There's much to be said in the conversation about the recontextualisation of Shakespeare's characters over time, and none are perhaps as infamously maligned as Lady Macbeth, known here as Katherine Lester. But instead of angling the film in a way that makes us feel any real sympathy for Katherine, Oldroyd instead takes a uniquely dark path with some truly sinister moments, which are compelling but do leave a gap for a little more nuance. In a similar way to which Sofia Coppola explores Marie Antoinette's loss of naivety as she's confined within the four walls of her residence, Oldroyd explores the consequences of regressive confinement. The film essentially serves as a cautionary tale of what society felt at the time would happen if women, particularly outspoken, audacious women such as Katherine, were given the licence to make choices of their own, rather than being satisfied with being reduced to mere property."
Inside Man (2006),Had to do a double take when I heard Chaiyya Chaiyya at the start of this.
Tokyo Sonata (2008),"""How wonderful it would be if my whole life so far turns out to have been a dream, and suddenly I wake up and I'm someone else entirely."" The master of horror Kiyoshi Kurosawa instead points his lens at the horrors of urban malaise in Tokyo Sonata , trading chilling scares for domestic drama. Unlike his countryman Hirokazu Kore-eda, whose films, described by shomin-geki, are the bonafide epitome of the sub-genre, Kurosawa instead focuses on ideas at large, commenting on how gender roles and masculinity can spread like a disease in modern households, equally in western and eastern cultures, crushing any semblance of ambition or hope in favour of pride. In spite of being infused with abundant traces of satire, the film is overwhelmingly bleak for much of its runtime, and where we think we see cracks forming in the familial structure from the weight of financial stress, we instead notice that they've been there all along. The thinly veiled façade is lifted, and we're left with two battling ideas of what could have been and what could be."
This Is 40 (2012),Judd Apatow needs to be arrested for his crimes.
Affliction (1997),"Nick Nolte is absolutely outstanding in this. Weirdly enough he reminds me quite a bit of Ethan Hawke, who probably gives my favourite performance across Schrader's filmography in First Reformed, with his mannerisms and speech. But this performance is a close second."
Uncle Boonmee Who Can Recall His Past Lives (2010),"Sometimes an artist's work can feel so profoundly personal that it can be difficult to connect with. While you can recognise the heart that's put into it, you can never feel any more than a distant spectator. For most of my first Apichatpong Weerasethakul film, I felt that way. There are moments, especially in slow cinema, where you can feel entirely immersed in the experience, transfixed by nothing in particular, but nevertheless immersed. Uncle Boonmee Who Can Recall His Past Lives is a film firmly rooted in experience, so while at times you can feel as if you could lose yourself in the stories being told, more often than not they're at an arms length, and there's only so far empathy can take you."
Adventureland (2009),"Certainly has the vibes of Linklater without the commitment to pull it off. I mean was there any real reason why this was set in the 80s instead of present day? Nevertheless, Kristen Stewart and Martin Starr are pretty great, and Ryan Reynolds is surprisingly more palatable than usual. Still haven't made my mind up on Jesse Eisenberg as he still seems to play the same guy in every film he's in with varying levels of insufferability, but luckily he's on the somewhat lower end of that spectrum here."
Ghost in the Shell (1995),"Clearly borrows a lot from Blade Runner , so it's no wonder why I adore the cyberpunk world and all its futuristic aesthetics (funny because this is set just 5 years from now). Unfortunately, it's just a bit too sterile for me, and the reason Ridley Scott's film works so well is the contrast between the harsh and soulless environment to the romance, and that doesn't really exist here."
Half Nelson (2006),"Very much in the same ballpark as Detachment in so much as it explores the dynamic between a teacher and his students, both equally as troubled in their own ways. A top performance from Ryan Gosling as always, and while Half Nelson often overcommits in the direction of being grounded to the point where it can become a little repetitive, it doesn't do so to the point where it has nothing to say. In fact, it posits some worthwhile points about white saviour narratives, some of which puts films of a similar vein such as Freedom Writers to shame. But it also shows how the give-and-take nature of teaching is not too dissimilar to the give-and-take nature of addiction, and how each can have an influence on young, vulnerable kids' lives."
The Vanishing (1988),"I'm actually quite surprised at just how funny I found this. Perhaps that makes me a sadist, and while dark humour isn't unheard of in thrillers, I was surprised at just how much there was in a film that ends this cynically, particularly one which Kubrick famously said was the scariest he'd ever seen. Nevertheless, I can concur with just about every point made about The Vanishing , all of which come to the shared conclusion that it excels in that it's just so horrifyingly straightforward. In films like these, there are always twists and turns and subversions used to lead the audience astray from what really happened, just so that the final reveal hits that much harder, but here there's next to none of that. In its stead is a slow unraveling of events, and a chilling portrayal of what an everyday family man could become just out of sheer curiosity."
Challengers (2024),"If the supply of nearly half a million condoms to Olympic Village at Rio 2016 is anything to go by, it's that athletes are supremely horny, especially at the highest level where competition is their lifeblood. When talking about a sport where grunting is essentially paraphernalia, in a film directed by Luca Guadagnino, that sentiment is going to carry through tenfold. Challengers is absolutely invigorating, with the dynamic duo of Reznor and Ross thrusting the narrative forward with pulsating electro-pop synths, crafting what's perhaps their most galvanic score to date, or at the very least since The Social Network . If the discourse surrounding whether or not Zendaya is a movie star (in the traditional sense of the phrase) left you sitting on the fence, or net more aptly, then Challengers will be sure to tip you over the edge. Faist and O'Connor are equally if not more compelling though, in fact the latter gives by far the standout performance of the film, and do terrifically well to embody the sweat-drenched head-over-heels ""white boys"" as Zendaya's character Tashi so potently puts it. It's a film where advantages aren't just something gained on the court, but a means to outmanoeuvre and sabotage. But Kuritzkes' script is less interested in the match winner, and more focused on the psychosexual point scoring, but that doesn't come at the expense of some thrilling playing sequences, particularly in those last 10 exhilarating minutes."
The Fountain (2006),"Malick did it better. Do yourself a favour and watch The Tree of Life instead. Also, I bet that book sold 0 copies."
Dog Day Afternoon (1975),"Between this and ...And Justice For All for Pacino, and this and 12 Angry Men for Lumet, they must have been some of the more progressive people in Hollywood at the time and I love that. The scope Lumet has to make his films poignant to this very day is astounding. On another note, as I'm sure has been pointed out tons of times already, but 1975 was such a killer year for film: Dog Day Afternoon, One Flew Over the Cuckoo's Nest, Nashville, Jaws, Mirror, Barry Lyndon, and tons more I'm missing I'm sure."
"4 Months, 3 Weeks and 2 Days (2007)","Just imagine if any of the voters for overruling Roe v. Wade in the US back in 2022 watched this film. I would hope that the outcome would have been significantly different. The amount of anxiety and dread Mungiu is able to instil into a narrative that's fairly minimalistic is mind-blowing. With long takes that only ramp up the tension with every second they linger on, and conflicts that are restricted to the periphery as to highlight the effects a problem is causing rather than the problem itself. It's brilliant stuff all around; hats off to the actors for making it feel so real."
Jules and Jim (1962),"Adored the first act of this, but after that I sort of lost interest: character motivations become unclear and the film just ends up meandering a little. I haven't seen many, but I'm yet to see a film that totally blows me away from the French New Wave yet. I suppose I will have to keep watching."
First Cow (2019),"Really gorgeous stuff. I mean, easily one of the best looking digital films out there surely? And the day-for-night cinematography is just nothing short of spectacular. As for the story, it's quite brilliant how First Cow positions you in such a way as to root for its protagonists, particularly when they're the opposite of everything prototypical about Western leads. Yet we root for them nevertheless, even when they're just as opportunistic as all the people they encounter throughout the film. Sure, the capitalist greed stemming from the top of this newborn regime is what breeds this scrounging for survival, but it goes to show that both parties are equally as inclined to take advantage of those with less power than themselves. It's very much the genesis of the modern idea of the American dream, in a similar thematically tangential way as There Will Be Blood is the genesis of American capitalism, and Reichardt leaves it very much up to the viewer of whether they see it in a negative or positive light. There's camaraderie to be found in a shared ambition, but that also leaves room to exploit the naive. The land upon which opportunities are built can both metaphorically and physically feel like a capsule of a foregone time, and so it can be difficult to imagine it as the basis of anything new. It's easy to watch the trees grow, the people move, and the landscape change and think that everything that can be done already has. But within that sentiment lies a poignant statement about the cyclical nature of systemic inequalities that lay seeded in the very same soil that plagues the institutions of the present."
Results (2015),"Doesn't try and do too much, plus it's lighthearted fun and easy to watch. Smulders, Pearce, and Corrigan are great."
Trading Places (1983),"I'm sure this may have even been labelled progressive for the early 80s, but looking back on Trading Places now, it's hard to say that it hasn't aged poorly. From a slurry of racial stereotypes and outdated language, to actual blackface and to top it off a shot of the twin towers that evoked a notably ironic chuckle from me after I said, ""How could this age worse?"" before remembering that it was directed by a child murderer. Be that as it may, Eddie Murphy is absolutely stellar here in what is probably his breakthrough role- from innocuous, fourth-wall-breaking looks into the camera, to just some fantastic physical comedy that he later became known for. While it's nice to see the situation flip on its head come its resolution, it's not hard too see where the butt of the majority of the jokes lie, and so including the obligatory 'Landis is awful' comment, I'm just not sure our protagonists actually learn anything by the end of this."
Moulin Rouge! (2001),I had a headache before this so imagine how my head is feeling now.
Wuthering Heights (2011),"I can't decide whether it's a good thing or not that I'm not at all familiar with the pillars of classic literature that these period pieces are often adaptations of, outside of the names of their esteemed authors. Sometimes you can get lost in trying to make sure a retelling is faithful to the original story that you forget to consider artistic intent. Irrespective of that, I do very much adore how intimately Wuthering Heights is tied to its location- from the fog enveloped moors and perpetual rain, to the boggy mire and native wildlife. Andrea Arnold's liberal use of close-ups and handheld, as well as the 4:3 aspect ratio, keeps us within reach of the characters as well as the landscape, allowing us to feel the emotion even with the surrounding context stripped back. While the film is overlong and the child actors are far more convincing than their aged counterparts, it's this naturalistic approach from Arnold that leaves Wuthering Heights feeling memorable."
"Right Now, Wrong Then (2015)","It's always interesting watching these metatextual films, because they highlight things in such a way that is a wholly unique experience to anything else. In Right Now, Wrong Then , Hong Sang-soo recognises the power of the medium by which he is telling the story. So in the first half when things are awkward, messy, and ultimately failed, they mirror how most things go in real life. But Hong recognises that the art of cinema is escapism (and brilliantly omits the director's own definition in the second half to allow us to come to this conclusion ourselves), and so manipulates the power of the medium to change things to better fit this reality, quite literally showing things from another angle. It's no longer awkward, at least not to the degree of estrangement, and character's decisions more comfortingly mimic that of a traditional romance narrative; it's bittersweet, but it allows us to resonate with parts of each half that feel pertinent to our own stories."
I'm Your Man (2021),"Dan Stevens is absolutely hilarious in this. Who'd have thought that he was also fluent in German on top of all the other things he's got going for him. It was nice to see a more humorous version of this narrative instead of the Her or Black Mirror 's Be Right Back types . That's not to say I'm Your Man doesn't find it's moments of introspection however, but it does so in a way that doesn't feel melodramatic, and it blends the sci-fi in brilliantly."
Annette (2021),"Wildly imaginative and wholly unlike anything I've ever seen before, but I'd be lying if I said that this wasn't a slog past the first act or so. Driver is so obviously one of the most talented actors of his generation, furthered only by the projects he chooses to star in, and there's no change to that here. Once you understand what Carax is going for, everything else that follows simply becomes spectacle rather than anything steeped in interesting commentary, and there's only so much you can get out of being wowed by some spectacularly framed musical numbers, unfortunately leaving Annette in the camp of films that I can respect, but not necessarily enjoy."
Una (2016),"It seems a given that films that depict themes of sexual abuse, especially those instances including children, are bound to be divisive. Some people see the depiction of such media as endorsement, and naturally it's one of the most difficult subject to get right. With Una , adapted from the play Blackbird by David Harrower who also wrote the screenplay for the film, Andrews aims to show how the toil on the victims can be a far worse punishment than whatever befalls the malefactors, and how growth can be stunted far beyond anything physical. It bravely tackles the idea of reciprocal obsession, albeit in far different ways; how predators become infatuated by their victims and absolve themselves of any wrongdoing by assuring themselves their actions were justified, and conversely how victims become involuntarily inseparable from their predators. It's not an issue that's particularly new, especially within the realms of criminal psychology with things like Stockholm Syndrome, but performances from Rooney Mara, Ben Mendelsohn, and young actress Ruby Stokes, make it convincing. Methods for dealing with trauma are not a one-size-fits-all thing, and so I think there is room for nuance when exploring topics such as these, as long as they're made with the victims in mind."
Disobedience (2017),"When films explore themes of repression within religious institutions, especially ones as authoritarian as Orthodox communities, it seems inevitable that they're going to test the consequences of that repression, and that narrative doesn't really change with Disobedience . However, unlike pious sapphic counterparts like Mungiu's Beyond the Hills , it aims to look at things somewhat optimistically, despite its washed-out grey palette. Through both Rachel Weisz's character's free-spirited nature and Rachel McAdams' character's masked melancholy, we see two sides of the same coin; one which chose to leave the source of her torment, and another which chose to build a life from it. Within this, gaps in the narrative rear their heads, as we never truly get to see what drew Weisz's away, nor what compels McAdams' to stay. But that's where a deeply empathetic performance from McAdams, and almost comparatively powerful performances from Weisz and Nivola paper over those cracks. Without being familiar with the source material, I can't quite say whether Lelio was conflicted on where to end the film, but it certainly felt like it could have ended at least 4 times by my count, and the result is a conclusion which feels too on the nose, and could definitely have benefited from some ambiguity."
Rumble Fish (1983),"Amidst all of the discourse surrounding Coppola's latest release Megalopolis that just screened at Cannes to a, safe to say, mixed response, I decided to visit one of his other features that I have been meaning to watch for some time. With gorgeous black and white cinematography, Rumble Fish explores the activities of a handful of teenage hoodlums, each existing in the limbo of foregone gang violence, a time they reminisce about without having ever experienced it. Our protagonist, Rusty James, longs for an era of purpose, trapped by his own loneliness- his relationships are shallow, he was abandoned by his mother, his father's a drunk, and he constantly lives in the shadow of the mythos of his brother's name. Much like the colourful killer fish that remain separated only by a sheet of thin glass, each of these wannabe gangsters shake with eagerness to become the new apex predator, not knowing that there's so much more out there than the tank they live in."
Chime (2024),"Very much holds the same sort of branch to urban monotony as Tokyo Sonata , but this time imbued with the suffocating atmospheric horror that Kurosawa became known for with Cure and Pulse . Unlike these encompassing masterpieces however, the forces of evil aren't personified into a character that the audience can recognise. Instead, it remains invisible, only contextualised by the jarring sound design that underlies so much of Kurosawa's work. With only 45 minutes, he accomplishes what some filmmakers couldn't with 2 hours, and yet, I still wish this was longer, but maybe that's just me being greedy."
The Draughtsman's Contract (1982),"I don't even know how you'd even begin to write a script this erudite and articulate. In much the same way as you're not really required to understand all the business jargon that each awfully selfish character spouts in Succession , you don't really need to do the same here to understand the motivations behind or consequences of each terrible characters' actions. Nevertheless, the poetry in the eloquent dialogue is simply mesmeric, as is the way the palace and its surrounding gardens are shot."
Burning (2018),"The ultimate film about disparity. Disparity in class. Disparity in wealth. Disparity in societal expectations. I have since read the Murakami short story that this was based on (yet to read the Faulkner version), and while the eerie disquietude of it all remains, the division of wealth isn't as apparent- Haemi's counterpart is noted to be poor, but Jongsu's isn't, rather just less so in comparison to Ben's. Of course, with it being a Murakami work, it was based in Japan too, which also leaves an interesting difference with Lee Chang-dong using Trump broadcasts as well as North Korean propaganda to draw parallels between Eastern and Western political culture. It's really interesting to see the differences between an adaptation and its source, especially since I'm so often more familiar with the former. Aside from that, Burning is still an absolute masterpiece, and still one of my favourite films ever. Also found out recently that it was the highest rated film ever by the Jury Grid at Cannes with a 3.8/4, and yet it didn't win the Palme."
Rango (2011),So glad Gore Verbinski is finally out of director's jail.
Mad Max: Fury Road (2015),"Spectacular. Exhilarating. Mad Max: Fury Road . All words that are synonymous with one another. Not just adrenaline-fuelled, but adrenaline-born; a fiery product of the very gland that stimulates fight or flight. Not only that, but a product of heated happenstance given its infamous behind-the-scenes antics and cursed production. Watching this in preparation for Furiosa , and part of me knows to never align myself with the George Miller doubters, but another part recognises the genius serendipity of Fury Road , a cacophony of brilliance immersed in the dust of post-apocalyptic milieu, and wonders just how Miller could strike gold in this landscape not once, but twice. I suppose time will provide the answer to that question."
Funny Pages (2022),"Always have a soft spot for films that cast people that actually look like real people. Plus this was surprisingly great; quite literally the perfect thing for a nepo-baby to make with how this privileged kid cosplays as some tortured artist surrounded by fake relationships as if that would give him the precedence to become renowned (in a career where most names don't really escape the circles of extreme connoisseurs anyway, much like with cinema)."
Civil War (2024),"Probably enjoyed this more than most because I frankly couldn't care less for American politics and hence some fantastical stretch of the imagination in that respect isn't really going to be that much of a stretch for me. Although, it definitely feels as if people are piling on Civil War as the effective cinematic pariah for this year, and perhaps that wasn't helped by Garland's interviews and A24's promotional material, but it does feel like my assessment of the so-called apoliticism (some are calling it centrism which inherently proves my point that some people don't really have a stance on what this is and are just riding a wave) is different from others'. It feels like, to me, that Garland is saying that there is no such thing as apoliticism in an environment such as this, and seeing things from the quote-unquote objective point of view of a photograph can only lead to desensitisation. Bias is intrinsic to capturing a political landscape, and while it's not a uniquely American means of thinking to demand a stance in the prototypical bipartisan way, the red-pill/blue-pill culture has certainly accentuated that mindset, which is ironic because nowadays they really aren't that different from one another. I'm not saying that Civil War commits where it should, however. The reason why Jesse Plemons' guest appearance in this is so lauded is because it's one of few moments across the film's surprisingly short runtime which dares to attempt at being transgressive. Further, a lot of the dialogue definitely felt like a first draft that was just run with because it was secondary to the atmosphere, which isn't wrong, but it does get frustrating when characters talk in circles. Aside from that, where the film excels is almost solely in its viscera; gunshots actually feel impactful, fire burns hot, and all other sounds of war are terrifying. The whole film acts as this journey for this young journalist to capture ""the single most important picture in American history"", but there's no real subversion or lesson learned that recontextualises that moment by the time the shutter is closed, and everything just sort of happens exactly how the film makes you expect it would- hell I even called the moment where Cailee Spaeny captures the moment Kirsten Dunst dies. So in the end, it's not really any ideas regarding apolitcism that unearths the issues with Civil War , but the lack of gall to deviate from the path and say something truly scathing, and there's tons of directors who could have likely accomplished that better than Garland."
Hot Tub Time Machine (2010),I feel like if I think about this premise for any more than 10 seconds it gets disturbing.
Poolman (2023),"""The only way to change the world is if you actually try"" Part of me respects the unabashed approach to what feels like a passion project, even though it was in actual fact born from the off-the-cuff riffing between Chris Pine and Patty Jenkins on the set of Wonder Woman 1984. But the fact that Pine decided to make his directorial debut an intentional Chinatown pastiche, which also draws from the likes of The Big Lebowski and Under the Silver Lake , narrated by a hipster pool man who writes to Erin Brockovich as a means of self-therapy and hallucinates about lizards, is something worth commending on its own. The fact of the matter is, I'd sooner watch 100 variations of Poolman before I ever laid eyes on an artificially generated film, because no machine could ever muster up something so pitifully bizarre. Next to nothing lands here. There's no tether to the story, the characters are caricatures that have no motivations, and the dialogue is not even half-baked, it's tenth-baked. It's a humourless spoof of the neo-noir genre that aims to- well, actually, I have no idea what this was aiming to do. It's so directionless that I'm not sure I can even call it a directorial debut. I can always respect a big swing, but when the miss is this bad, I'm not sure it warrants any merit."
Happy as Lazzaro (2018),"Reminded me a little of von Trier's Breaking the Waves, but thankfully not quite as relentlessly cynical, although it can border on it at times- for which I was awaiting comeuppance but it doesn't quite manifest in the way that you'd expect. Really stunning capturing of the rural landscapes, and while I did enjoy the magic realism, the sort of divine impassibility of Lazzaro in the second half the film becomes difficult to reconcile with, to the point where it can feel more about the symbolism than the characters themselves. Neverthless, I'm glad I've begun to explore Rohrwacher's films; especially looking forward to La Chimera considering this watch was a recommendation of Josh O'Connor ."
The Man from Earth (2007),"Very TV-movie and the dialogue kinda stinks at times, but it does feel sort of like how Primer does for sci-fi but for anthropology instead. Watched this because of TikTok clips and whenever I do that, the films tend to be of around this quality. It's entertaining to a point, but this barely tries to do anything. Plus the music was annoying."
Scream 2 (1997),"I've got a bad track record for keeping with franchises so I thought I should finally watch this. Pretty damn good. Probably would have been better had I remembered more about the original- some side characters reappearing kinda threw me off as I didn't think this would really be connected outside of Neve Campbell and Courtney Cox reprising. Gets a little too meta at times, although I suppose that's the schtick. Also, I love the little segments where it feels like we're following another protagonist for a while like with the start and with Sarah Michelle Gellar's character (cinephile sober sorority sister is entirely more fun to watch than Neve Campbell I'm sorry)."
House of Tolerance (2011),"The parallels to Flowers of Shanghai draw themselves, but I did much prefer how House of Tolerance allows its subjects to feel at least some happiness within their occupations, even if it's solely sprouted from a shared trauma. When making critiques such as these, with lavish gowns contrasting unglamorous lifestyles, it's so common for filmmakers to make their characters relentlessly tortured to really drive home their point, and while there are moments of that here, it's always to build to a greater point. Sexual acts are tolerated with hopes of a better future, even though they recognise that this future is unlikely to ever materialise. It balances psychological and physical entrapment within the palatial walls of this superficially decorated maison, with any semblance of sexualisation underpinned by a solemn reminder, both visually and sonically, of the illusion of choice. Women on display to passing voyeurs like animals in a zoo, kept bound by the notion that they may some day be set free from their gilded cage, and Bonello extends that idea to the modern day."
Downsizing (2017),"It's a pretty ingenious move from Payne to subvert Downsizing from what you'd expect its subject matter to bring. If not only from what you derive from the failure of marketing this movie in the right way- although that may have been a bold subversion in and of itself now that I think about it- from the concept alone you'd think that this would be some kind of zany, screwball comedy in the same wheelhouse as Honey, I Shrunk the Kids (replace Matt Damon with Will Ferrell here and that's probably what you get). But instead, Downsizing uses its concept in such a smart way that we almost forget about it altogether. I mean, the aim of any creation such as this is to achieve such a level of ubiquity and seamless transition that you forget that it even exists, and Payne uses this as a narrative device to totally absorb the viewer into this world. That's not to say Payne gets everything right here though. The satire is there to be played with, and while I can appreciate the restraint at times, it's hard not think about what someone like Ruben Östlund would have done in his place, particularly with the ending. The idea of making the downsized community simply a 1:1 microcosm of the wider world is a pretty good first step, but painting Matt Damon's character as a man who loses his purpose to then reject that purpose in favour of a newfound one is a little too safe for me, and doesn't quite comment on the culpability that the inventor of the technology has, and how the resulting measures of their village can be seen as hypocritical. Nevertheless, I still think this is fairly overhated mainly due to people's predetermined notions of what they expected it to be, and while it's not exactly near the top of Payne's filmography, it's hardly the woeful mess many have labeled it as."
Friends and Strangers (2021),"Enjoyed how the architecture of the city is shot, but really unsure about the vibe that the filmmaker was going for here. I get the whole millennial ennui thing that it's going for, but we learn so little about the protagonist that he just feels boring. Honestly think that this should've just stuck with the failed romance angle (and then maybe a subsequent romanticising of everything else instead) because everything past about 20 minutes didn't really work for me."
Bringing Up Baby (1938),Enjoyed much of the physical comedy but the characters were just too insufferable for me to enjoy the rest. A few tropes in here that really just irritate me more than anything. The chemistry between Cary Grant and Katharine Hepburn was great though.
The Fall Guy (2024),"Aggressively fine. For a film about stunt performers, most of the stunt sequences in this were hardly anything special. Gosling's charisma elevates a script that's otherwise inundated with cringe meta humour and references that just feel like filler for everything else, and makes the chemistry between him and Blunt almost believable."
Sibyl (2019),"A little hard to connect with at the start due to the overlapping narratives that are slightly difficult to place to begin with, but as the narrative unfolds and relationships between characters become more apparent, Sibyl really grows stronger. It's messy, but it's an organised mess. Performances all around are pretty great, with Sandra Huller being the standout- no wonder Triet went on to work with her again on Anatomy of a Fall. One thing I'd note is that sex scenes are actually believable and passionate, which is something that a lot of Hollywood movies just can't seem to get right."
Gifted (2017),"Ffs yeah idk why I always fall for these kinds of films but yeah I cried. Chris Evans is great. I haven't seen much of Mckenna Grace's stuff but if she's anything like her potential shown here, she needs to get away from Young Sheldon and Ghostbusters and start doing real things."
Shadows in Paradise (1986),"I can always respect directors for being singular in their stylistic choices, and between this and Fallen Leaves , it seems as though Aki Kaurismäski has remained in the camp of hopeful cynicism for well over 30 years. There's a naivety in both the prudent, risk-averse and the unflinchingly despairing films that seem to exist in the binary extremes of today, and so it's refreshing to see someone who can exist so comfortably in a less prevalent middle-ground, mixing sardonic comedy with bleak surroundings. Shadows in Paradise kicks off Kaurismäki's so-called Proletariat Trilogy, where he explores the social realism of everyday working class people- although seeing how similar this film is to his latest, I can imagine you could add a few more to that collection. It explores a relationship that blooms against all odds, set on top of a stellar soundtrack (currently trying to find the name of that song at the end) and muted palette, all encapsulated by his trademark nonchalant brevity of his characters' dialogue, which I can only imagine must have inspired Wes Anderson."
Sasquatch Sunset (2024),Absolutely not.
Invincible (2001),"Doesn't quite come together as it should, with odd pacing and a few scenes above the acting ability of some of the amateur actors. But Invincible is at its best when Tim Roth takes centre stage with a powerful performance which reflects how Nightmare Alley might look at the precipice of Nazi Germany in WW2."
Saving Private Ryan (1998),"The fact that this both starts and ends with a shot of the American flag irks me, because there isn't enough of a recontextualisation in between that to make the repetition poignant. It's not as solidly anti-war as most of its counterparts, even when it strives to be, and Spielberg's trademark sentimentality (in the same way as Schindler's List which I still need to revisit) irks me more than it moves me. That being said, the opening D-day sequence is an absolute masterwork, and his eye for shot composition is pretty much second to none, at least at this longevity."
Like Someone in Love (2012),"When a film has more going on in its periphery than what we actually see in camera, it always seems to grab me in ways that others just can't. Like Someone in Love presents itself as more or less straightforward, but its jarring ending leaves you feeling like you've missed a whole other act that was playing in the background. It's really brilliant writing, with much of it, in true Kiarostami fashion, taking place through dialogue in cars, although now on the neon-illuminated streets of Tokyo rather than the sandy deserts of Iran. This departure is more than simply geographic though, with moments that feel almost antithetical to Taste of Cherry - it feels enigmatic in its message about identity where Taste of Cherry feels didactic, and even with both having seemingly unresolved conclusions, they each fill the gaps in strikingly different ways."
Bambi (1942),"Wholesome, but also not. Vilifies the violence of man in a similar way to The Jungle Book ; interesting that this was released right in the middle of WW2. Emphasises the circle of life really well, and the hand-drawn animation is beautiful."
Shoplifters (2018),"""I chose you, too"" Kore-eda gets me every time."
The Beach Bum (2019),So fucking dumb and I kinda loved it. Can only imagine me liking this more in time. Need to watch more of Korine's stuff now.
The Outsiders (1983),"Doesn't quite reach the heights of Rumble Fish, which I was amazed to find out came out in the same year as this, but still gives a pretty good insight into the consequences of toxic masculinity. What a stacked cast too."
La Chimera (2023),"Totally spellbinding. A man burdened with the gift of finding lost treasures and yet can't find the one thing his heart desires. We might have a true star on our hands with Josh O'Connor; between this and Challengers, he's made quite the impression on 2024. Where Happy as Lazzaro falters in making its mythological hero fundamentally infallible, La Chimera thrives in making his imperfections the source of his drive, and explores the passion for a craft that stems from a place of grief and loss, culminating in one of the most gorgeous endings I've seen in a while."
Kinds of Kindness (2024),"Anthologies are a tough nut to crack. Make the through-line between them too obvious and it sort of defeats the purpose. Make them too disconnected and the audience will be left wondering what the point was. Yorgos Lanthimos' fabular triptych serves as a somewhat return to roots for the Greek director, once again collaborating with his fellow countryman Efthymis Filippou to create three stories that explore the perversities of human desire. The film aptly opens with Eurythmics' Sweet Dreams (Are Made of This), with the three tales revolving around a dream that serves as a sort of turning point in each. Much like his earlier work with Dogtooth , Lanthimos marries some dark humour (which may not come across as all that witty to those just now exposed to his work following Poor Things , but are laugh-out-loud hilarious to those more familiar with his work- too bad they're just a little few and far between) with an ambling sense of trepidation. It's his most steady work to date, in that it doesn't move with quite the same narrative drive as the rest of his filmography, and even though it's clearly intentional, it does make the film that much harder to connect to, especially with the changing storylines. From a story about a sinister task, to Possession -esque tale, then a Cronenberg cultist chapter, all subtitled in a similarly cryptic way about a dialogue-less character called 'R.M.F.', Kinds of Kindness is exciting in theory, but it's hard to escape the notion that Lanthimos is purposefully holding back, but he doesn't quite give you enough to figure out why."
Songs from the Second Floor (2000),"After feeling less than satiated by my dose of absurdist comedy following Kinds of Kindness , I decided to look back to other renowned works within the sub-genre. Roy Andersson's Songs From The Second Floor , the opening film in his Living Trilogy, exists in a purgatory of loosely connected satirical vignettes, with all the drab, urban greys feeding into the lifelessness of capitalist dystopia. The rules of a mundane world fold in on themselves, often surreally and through skit-like moments that often linger in the background, with characters sacrificing their own beliefs in pursuit of financial gain."
Assault on Precinct 13 (1976),Shooting a child by an ice cream van is fucking nuts. Love John Carpenter.
RoboCop (1987),"Nobody really does satire like Verhoeven. Thought I had seen the remake of this, starting to think I was remembering the Dredd remake with Karl Urban instead. But this is just awesome."
The Watchers (2024),"Falls into a fair few of the genre clichés you'd have hoped it would avoid, but The Watchers is still a solid debut from Ishana Shyamalan. The dialogue is painfully overloaded with clunky exposition, but there are definitely some interesting things here from a visual standpoint. Wish it was just a little bit more robust narratively (it even commits the mortal sin of literally telling you its message by the end, if the predictable twist beforehand wasn't bad enough). But it's really not a bad start at all, and with her father backing her up in her corner, I'd say I'm still fairly enthused to see what she comes out with next- hopefully she works a little more on finding her own cinematic voice."
American Pie (1999),"Probably on the better end of this category of film, but like most of them it's aged pretty poorly."
The Conversation (1974),Distortion through obsession. Voyeurism through surveillance. Intimacy through intrusion.
Eternity and a Day (1998),"I don't think it's a coincidence that I've found myself gravitating towards stories circling the confrontation of one's mortality. Ikiru , The Thin Red Line , Still Walking; they all seem to evoke such a strong connection between the innately human experiences that the characters and the viewers share, tied together with a profound poeticism that allows us to see things from a hopeful perspective, even if the events that are transpiring aren't typically depicted in a positive light. But therein lies the skill of filmmakers like Angelopoulos, who can turn these looming moments where we have to face the questions of whether our lives were ones spent well, into an encompassing feeling of respite, where we can vow to make the most of the time we have left. ""I once asked you ""how long will tomorrow last?"" and you answered me: Eternity and a day."""
Knight and Day (2010),"Fun as hell, with some really neat visual gags and physical comedy throughout. Tom Cruise as electric as ever, and this acts as a sort of precursor to all his action-star focus from Jack Reacher to 4 (almost 5) Mission: Impossible movies, although I think it could have been even funnier had he leant into the himbo-ness of it all a little more."
Howl's Moving Castle (2004),"Ultimately tries to do far too much and gets a little muddled in its messaging as a result, but there's no doubt that Howl's Moving Castle is instantly iconic for it's gorgeous soundtrack, stunning visuals, and idiosyncratic characters. Unfortunately though, many of the other films in the Ghibli catalogue share those characteristics and have more to offer in the narrative department."
Me and You and Everyone We Know (2005),"I hold a nostalgia for moments of connection before the ubiquity of social media. I was alive, but it's not really a time I experienced as I was only a kid. I almost wish I was born a little earlier so I could have experienced what it was like to develop those relationships with people (not just romantic, but everyday human relationships) without the looming backdrop of the digital world. It's almost a question as to why you would choose to converse with someone over a shared passion, or a shared perspective, if it was infinitely easier and more convenient to do so online. But Me and You and Everyone We Know exists in a time just before that, where miscommunications were simply that, and not more fuel to stoke an imaginary fire. Miranda July fills it with equally heartwarming and hilarious interactions, which all end in a host of heartwarming and hilarious ways, some of which a director like Solondz would take a step further, but I appreciate the restraint here because it works really well."
The Nightingale (2018),"Aside from the obvious, it's always a difficult time watching rape-revenge movies, and I tend to avoid them for the most part because they always seem to go the same direction. No fault of the writing per se, but there's really only one way you can justify these kinds of stories going without being irredeemably nihilistic. So while The Nightingale naturally doesn't break any new ground when it comes to the narrative, it certainly boasts some powerful moments that make it worthwhile, and evoke their fair share of vicarious anger, intertwining the journeys of two people who have lost everything in immensely different circumstances, but bond over their shared grief. Radek Ładczuk's 4:3 digital cinematography is stellar, capturing the Tasmanian wilderness with such clear affection."
Escape Room (2019),"No idea why I decided to rewatch this (I think part of me was unsure I had watched it at all but that soon rang untrue as soon as I recalled the introductory ""oven"" room scene), but it's actually quite fun. Don't get me wrong the dialogue is god-awful, the characters are annoying stereotypes but it is kinda fascinating to see their different approaches to things. Beyond the first half though, the conceit goes from fun and gimmicky to a little too on the nose- yes, even for a movie based on an uber specific era of escape rooms actually being a thing people go to (which is another confusing thing because why are these people just showing up to an escape room alone). Either way, the production design is pretty cool, and I'm about 80% sure I haven't seen the sequel, so at the very least, this served as a refresher before I see that."
The Pillow Book (1995),"So close to loving this, and perhaps in time I will, but I can't say I was entirely engaged throughout, even with some really striking images. Greenaway explores writing as love, writing as hate, writing as history, writing as sex, and writing as art, often experimentally splicing the frame with contrasting images, using the film as a canvas for his own artistic expression."
Because of Winn-Dixie (2005),"Gives that warm and fuzzy feeling that hallmark movies tend to, and that was exactly what I was looking for. Really quite surprised that AnnaSophia Robb wasn't a bigger star after her childhood."
Escape Room: Tournament of Champions (2021),"Honestly don't think this gets nearly as silly enough as it should, and ends up feeling more like an Escape Room 1.5 than a sequel. The first act is spent recapping the first movie, and the rest is just regular puzzle solving with characters dying that you never cared about anyway. It totally misses the opportunity to expand on the enigmatic organisation behind these games, and actually ends exactly how it should have begun in the first place. But even after saying all of this, I would still totally watch another one of these, because even though there's no doubt in my mind that it's schlock, it's still just about creative enough to be entertaining."
The Hustler (1961),"A little tedious outside of the enthralling pool scenes if I'm honest, but Newman, Scott, and Gleason do just about enough to keep it afloat. Mostly just watched this to watch Scorsese's sequel."
Tropic Thunder (2008),RDJ carries this movie so hard it's insane. Tom Cruise is pretty great too though.
Funeral Parade of Roses (1969),"With vignettes that twist and turn and contort the lines between past and present, and reality and fiction, Funeral Parade of Roses serves a seminal piece of transgressive cinema, with a narrative as liberally bound and fluid as its characters' identities, both in front of and behind the camera. Matsumoto plays with this idea of masks, not only as a symbol for gender non-conformity, but also as a tool to explore the transformative power of the medium itself."
Love Lies Bleeding (2024),"Undoubtedly dripping with sweat and style, but unfortunately misses the mark by its conclusion, and ends up having less to say as its plot progresses. The chemistry between O'Brian and Stewart is palpable, and Glass' approach to surrealism is a commendable swing, but it all gets bogged down by a litany of plot contrivances that become too distracting to ignore (both of them leaving to go to the Vegas would have been a much more interesting route to take)."
2001: A Space Odyssey (1968),"A much better experience to let this wash over you and just feel instead of trying to analyse and understand every piece of symbolism. Found it to be far slower the first time watching like that, but this time it flew by, but no less staggering by any means."
Show Me Love (1998),"Definitely thought this was going to take a darker route given that the only other Moodyson film I've seen thus far was Lilya 4-Ever , but this was actually quite sweet. Not afraid to make its characters flawed, and actually casts teenagers as teenagers. A little weird how they did the English title though."
The Iron Giant (1999),I'm ready for the Brad Bird renaissance. Please come back Brad Bird.
Kaili Blues (2015),"""It's like being in a dream"" Just a stunning piece of work that I can only see myself loving more and more over time. The way the camera follows the characters almost improvisationally, navigating these tangentially interconnected storylines that play with time in a way that I've never seen a film do before, culminating in what's now one of my favourite ending shots. Such an assured debut from Bi Gan, and between this, Long Day's Journey into Night , and A Short Story , he's easily one of my favourite up and coming auteurs."
Benedetta (2021),Charlotte Rampling has a knack for playing Reverend Mothers it seems.
The Party (2017),This is where that one Cillian Murphy meme comes from?!
Despicable Me 4 (2024),I've had enough of these little yellow fucks.
The Beast (2023),"Feels just so close to being great without ever actually getting there. Wouldn't say this feels as Lynchian as people are saying besides some minor shades of Inland Empire , although I haven't seen Twin Peaks yet so perhaps I'll reserve judgement on that. Léa Seydoux is terrific as always, and I certainly find myself wanting to see more of Bonello's work as The Beast is absolutely one of the more adventurous films of the year so far."
La Strada (1954),"Finally getting around to watching some more Fellini and this one is a far more straightforward watch than 8 1/2 was. Can't say I wasn't bored a fair bit by a large chunk of the middle but the ending was glorious- Anthony Quinn was really good here, but Masina's character didn't entirely work for me."
36 (2012),"The cinematic equivalent of a lullaby, gently exploring the memories and feelings that a still image can evoke."
Beginners (2010),A deserved Oscar win for Christopher Plummer. Need Mike Mills to make more movies please.
The Player (1992),"Just a big Where's Wally? of Hollywood actors and meta references that pay off in ways that I absolutely loved. Part noir as an ode to Hitchcock and to Hollywood in general, but also a bit of a 'fuck you' to studio execs. The start with the camera voyeuristically weaving through conversations was perfection. Could be a 5 on rewatch."
Near Dark (1987),"Really cool stuff. Need to watch more vampire and monster movies in general because they always seem to be so exciting with their style. Wanted to explore Kathryn Bigelow's earlier work to see how it compared to her war-fixated later films, and I must say this is a lot more fun. Need that Tangerine Dream score injected intravenously."
Guess Who's Coming to Dinner (1967),"Wouldn't really agree with the people saying that this hasn't aged well at all. Is it a product of its time? Sure. But to say that it's themes aren't at least somewhat pertinent to this day would be flat out wrong (especially if you look at stuff like the far-right race riots plaguing the UK at the moment). Poitier, Hepburn, and Tracy are all outstanding here, even more so the latter because he died shortly after. Love the moment after he has the small crash with the black man that his prejudices unearth themselves again, as if that's all it took for him to abandon the principles he swears he lives his life by- felt very much like Do The Right Thing in that regard. But also just how it shows the changes in mentality between generations, where some act on things out of necessity whereas others act based on feeling, which is summed up pretty wonderfully in Poitier's response to his father: ""You listen to me. You say you don't want to tell me how to live my life. So what do you think you've been doing? You tell me what rights I've got or haven't got, and what I owe to you for what you've done for me. Let me tell you something. I owe you nothing! If you carried that bag a million miles, you did what you're supposed to do! Because you brought me into this world. And from that day you owed me everything you could ever do for me like I will owe my son if I ever have another. But you don't own me! You can't tell me when or where I'm out of line, or try to get me to live my life according to your rules. You don't even know what I am, Dad, you don't know who I am. You don't know how I feel, what I think. And if I tried to explain it the rest of your life you will never understand. You are 30 years older than I am. You and your whole lousy generation believes the way it was for you is the way it's got to be. And not until your whole generation has lain down and died will the dead weight of you be off our backs! You understand, you've got to get off my back!"""
Rebels of the Neon God (1992),"Undoubtedly one of my favourite titles of all time now- not only because it refers to an actual deity and all the routes of symbolism that can be derived from that, but because it can be interpreted as a metaphor for the lights which saturated the streets of Taipei, whereas the rebels are the non-conformist youths who feel alienated when clutching to the now relics of that time. Tsai Ming-liang's feature-length debut explores the consequences of that alienation, and how it can manifest itself in different ways depending on who you can share that burden with. Rebels of the Neon God is certainly more propulsive than Tsai's later work, especially with the electronic ambience of its soundtrack accompanying the film."
Vagabond (1985),"Vagabond is constructed of tracking shots that its protagonist can hardly stay in frame for. She either passes by entirely, leaving the camera behind, or joins an already established shot. Of course it could signify the nomadic nature of Mona, but since Vagabond is stitched together from accounts of her encounters with various other people, fixed together like testimony, these shots lie on the periphery of that story, and so when the fourth wall is broken by the maid and the camera itself is introduced as a character, these moments become redefined as Mona almost leaving her signature behind on the people that she meets, for better or worse. For most of the runtime, we forget where Mona's journey will ultimately lead her, until Varda cynically reminds us of her unceremonious fate, which we're left to question whether it could have been avoided."
Cloverfield (2008),"Still quite on the fence on found footage, but Matt Reeves understands that you essentially need an idiot or someone selfish behind the camera to justify its existence, which is essentially the only reason T.J. Miller is palatable here, otherwise he would be incredibly grating. Probably been said a million times, but the post-9/11 hysteria captured here is terrific, and Cloverfield manages to land where The Happening does not. Unfortunately shows the monster a little too much for my liking- I think keeping the fear and uncertainty as the main driving force would have been far more effective, but I understand for marketing reasons that it probably made more sense to do it this way."
Sick of Myself (2022),"Worked for me, in terms of social commentary, far better than Dream Scenario did, and even though we hardly see any development from our narcissistic psychopath of a main character (either improving her outlook or worsening it), it still punches hard when it needs to. Sick of Myself comments on the desperation for young people to seize some sort of cultural relevancy, and the means they're willing to go to get there. Drowning oneself in a web of malicious lies and somehow still having the arrogance to imagine a world where everything is going to turn out alright. I must say I had issues finding any sympathy with either of the two main characters, but Borgli manages to structure the film in such a way that it doesn't feel like you need to, and instead you can sympathise with trying to fit into a hostile world of influencers and pseudo-PC organisations rather than any of the characters in particular."
Perfect Days (2023),"With Perfect Days , Wim Wenders urges us to seek beauty in the everyday things and people we may encounter, and Koji Yakusho's character finds solace in the monotony of his daily routine. But more importantly than that, Wenders recognises that this outlook requires a certain amount of delusion, because life doesn't work in such a way as to allow for each day to be the same as the last. We can choose to block out any fragments of interference in the periphery, but then nothing we would experience would be real, and all the things we romanticise are fallacy. ""KOMOREBI: is the Japanese word for the shimmering of light and shadows that is created by leaves swaying in the wind. It only exists once, at that moment."""
A Woman Under the Influence (1974),Rest easy Gena Rowlands.
Golem (1980),"The start of Piotr Szulkin's apocalypse tetralogy, which feels reminiscent of works such as Gilliam's Brazil and parts of Tarkovsky, to create this Orwellian nightmare, based on a Jewish legend that has served as a basis for and been adapted into a whole host of science fiction work, most notably Frankenstein . It's hard to follow by design, and as such makes it hard to become tethered to, but pierces through at times with its political commentary and philosophical shell."
Naked Lunch (1991),https://youtu.be/TQCqPlM9c5I?si=a4lAZYWnfshXJ4HJ
Drowning by Numbers (1988),Wes Anderson probably jacks off to this film.
Mean Streets (1973),"Is it weird for me to say this is my favourite Harvey Keitel performance? A little rough around the edges? Sure. But still just great stuff all around. Scorsese at his roots, beginning to show shades of the brilliant characterisation and depth he brought to the mob genre as a whole, but his love for cinema is ever-present right from the very start."
Inside Out 2 (2024),"Didn't work for me the first time, didn't work for me this time."
Knock at the Cabin (2023),"Enjoyed this far more than I was expecting, definitely one of Shyamalan's better outings. Partly a spiritual successor to Signs , evoking Funny Games at times too, as such I wish it got a little more brutal with it, but I get that M. Night's not exactly known for that. But yeah camerawork in this is top-tier, and the way we're just thrown into things really helps ramp up the tension."
Altered States (1980),"Pretty awesome when it's a psychedelic trip, particularly with the practical effects and all the trippy visuals, but a little tedious when it comes to everything else if I'm honest."
The Seventh Continent (1989),"With Haneke's debut The Seventh Continent , he challenges the viewer to endure the same monotony as this seemingly regular family experience through drawn-out long-takes of mundane tasks, and through three similar but eerily distinct parts marking the same day of 3 consecutive years, he explores the consequences of alienation, and an attempt at escapism to a place that doesn't exist."
Being John Malkovich (1999),"""I think it's kinda sexy that John Malkovich has a portal, y'know, sort of like, it's like, like he has a vagina. It's sort of vaginal, y'know, like he has a, he has a penis AND a vagina. I mean, it's sort of like... Malkovich's... feminine side. I like that."" Long overdue watch."
On Body and Soul (2017),A quirky romance movie with an almost worrisome amount of blood.
A Most Violent Year (2014),Not sure how this is the first time I've noticed Oscar Isaac/Al Pacino similarities but I'm glad I have nonetheless.
How to Have Sex (2023),"Seriously impressive stuff for a debut feature from Molly Manning Walker, and Mia McKenna-Bruce absolutely knocks it out of the park with what's now one of my favourite performances of 2023- reminds me of Florence Pugh a bit actually."
From What Is Before (2014),"""I feel like hell is coming"" Officially the longest film I've ever seen, by some margin too, and I'm actually quite surprised at just how accessible this was. Lav Diaz is so very clearly tethered by memories, both good and bad, from his childhood in the Philippines. As he tests the bounds of the medium by forcing the viewer to become a static observer for each increasingly bleak event, we become encompassed in a place and a time. When one's identity is so strongly tied to a specific place, it can be hard to come to terms with what you become when your environment changes, and when the place that you grew up in becomes unrecognisable. Diaz sets up this looming cataclysm by making this barrio a microcosm for the rest of the country under the kleptocratic Marcos regime, with the residents of this once tight-knit community left to fend for themselves in a sort of fearful limbo . They try to stick to traditions, but those fail them. They try to stick close to those they know, but they become maligned by the threat. Turbulence in the social climate are mirrored by the actual climate- with torrential downpours perpetually drenching the background of the film, forbidding it from escaping to the silence. With some of the most gorgeous black and white cinematography put to screen, Diaz both starkly captures an era, but also lends a sense of timelessness that makes these issues extend their pertinence to this day."
All the President's Men (1976),I'm a bitch for investigative journalism films. And those split-diopters wow.
Immaculate (2024),"Interesting in its pro-choice allegory, but pretty uninspired in just about everything else. Immaculate clearly borrows heavily from the likes of Rosemary's Baby , and even Ready or Not , with some giallo inspiration in the mix too- but I just wish it had the gall to get a bit more goofy with it. The trimester timecards and the ""Goddamn it!"" upon her water breaking had led me to believe that Mohan just might get there by the conclusion, and while watching a pregnant nun brutally kill a couple of people is definitely fun, it still doesn't quite drop the act of being just a little too self-serious- something that makes the first two acts of this a slog."
Three Colours: White (1994),"Definitely more accessible than Blue was, but not nearly as thematically rich. Three Colors: White is at its best when it's simply about a man trying to get back on his feet and regain some sort of purpose in his life, but loses me when it keeps circling back to his past. The friendship between Karol and Mikołaj is easily the best part, but it ends up taking a backseat when it should be the emotional crux of the whole film."
The War of the Worlds: Next Century (1981),"A vast improvement on the previous instalment in Szulkin's Apocalypse Tetralogy , from both a filmmaking perspective and a storytelling one. Its surrealist, almost Truman Show- like quality brings a sense of levity to the dread, which is hugely appreciated, especially when tackling a subject as bleak as this. It's similarly Orwellian to Golem (obviously an adaptation of H.G. Wells' novel- funny that I've seen this before seing Spielberg's version), with the government using the media to fuel propaganda to continue to poke and prod at their constituents like caged animals, knowing that they lack the drive to fight back- epitomised by its conclusion where our protagonist futilely grasps for their action. ""You accept only this what reinforces you in belief, that passivity is a virtue and a must. Because this is what you want to believe in."""
Morvern Callar (2002),"Now completed Lynne Ramsay's feature length filmography, and she has to be one of my favourite directors right now. She shows empathy in such a way where it's never head on, but always feels fulfilling. Samantha Morton is totally captivating as the titular character, and the soundtrack is equally as memorable. Ramsay navigates the story, and Morvern's decisions, in ways which you wouldn't expect them to go, but does so in such a natural and compelling way that feels so unique to her as a filmmaker. Can only see this growing on me in time. Can't wait to see her collaborate with Robert Pattinson."
Deadpool & Wolverine (2024),Decided to start October off with this horror movie.
Saw II (2005),"Very 2000s, perhaps even more so than the first, which sometimes works but a lot of the time didn't- seriously there are more effects on screen than an Indian soap opera. And while the flipped structure is interesting at first, it isn't nearly utilised enough, and the twist ending ends up doing a lot of the heavy lifting here. Also didn't think that the traps were all that great either."
Holy Motors (2012),"Utterly insane. One of those films where it's futile trying to dissect every aspect to try and decipher what they mean because that's squarely not the point. Leos Carax moulds this amalgam of ideas through vignettes connected only by one man and the limousine driver that guides him to each one. Partly a meta deconstruction of the method that goes into conceptualising a character, and partly a satirical piece on growing tired of the act of performing itself- be that through cinema or through everyday life. An apathetic digitisation that shuts you out like tinted windows, and gradually sucks away any morsel of care you had for the thing that you once loved, and as such the performance is forced to carry on."
Night of the Living Dead (1968),"Didn't love this to be honest. Gets into things far too quickly without much time for us to ever actually care about any of the characters- if their idiotic decisions, or lack thereof, didn't already sway us in the opposite direction. The music is overbearing, the performances are weak, and having nearly all the exposition done through the radio/TV felt lazy. The only thing that quite struck me was the ending, if only for its unflinching cynicism."
It Follows (2014),"Some really awesome moments in here that, with a bit more solidity in the connective tissue, could've led to a modern horror classic with It Follows . The initial kidnap scene, the first house scene, the pool set piece- all such great ideas that don't quite get the payoff they deserve. Don't get me wrong this is some pretty fantastically directed stuff- hell it's pretty much even been riffed on already with Smile and even Talk to Me - but with a little more depth and consistency to the mythology, it could've extended its timeless nature beyond just its aesthetics. Still, I did really enjoy the twist on the typical horror antagonist."
Man with a Movie Camera (1929),Cinema in its purest form- just straight experimentation. Insane how modern this looks at times given that it's almost 100 years old.
"O Brother, Where Art Thou? (2000)","""Of course it's Pete. Look at him"" Probably the most I've laughed at a Coen brothers movie. This is pretty much how I see most of the southern American states."
Alien: Romulus (2024),"Plays like a greatest hits of the Alien franchise at times, where the film is at its absolute weakest- the visual references like the hole-in-the-hull or the Engineer from Prometheus are far more compelling nods to the earlier films than a resurrected Ian Holm or a rehashed version of a classic line. But it's such a shame that Álvarez felt the need to incorporate those into the story because Alien: Romulus has more than enough strength to hold its own. The initial space heist, the inventive use of the Facehuggers, the acid laser-maze, the shifting allegiance synthetic- all such awesome and original ideas that work so well as, or as part of, set-pieces. For better or worse, Álvarez is clearly such a big fan of the earlier films, and of the sci-fi/horror landscape in general, that he brings fresh ideas to a story that unfortunately feels a little too diegetic to what came before. Still, this rips."
The Wild Robot (2024),"""Fly like you, not like them."" Definitely feels a little rushed at times, making the emotional moments a little harder to connect to, and loses steam with the third act killer robots instead of just focusing solely on the island and the winter- the conflict between the animals coexisting should be the crux rather than the capitalist commentary it tries to go for- but I'd be lying if I said this didn't give me a warm feeling inside. The VA work is pretty spectacular, and the animation is fun, but I just wish it veered away from the generics and embraced its heartfelt core."
Andrei Rublev (1966),"Wasn't totally captivated by the first half of this, perhaps due to my own lack of focus too, but the second half was spectacular- particularly in scale, with some parts even feeling like a Kurosawa film. An analysis of faith, creation, and the way that people can manipulate both to fit their own beliefs. Helps now that I know that Andrei Rublev was a real person, which recontextualises much of this for me, particularly the ending. So I may have to rewatch this sometime with that knowledge."
Anora (2024),"Sean Baker's Red Rocket is probably one of the best films of the decade, if not the 2000s in general. That's not just because of a Simon Rex performance that I will still insist deserved a Best Actor win, but because, like its main character, it knows exactly what it is. Mikey is a piece of shit thrown back into his hometown, now transformed under Trump's presidency. He fucks people (over) and takes what he wants because his experience makes him hardened in such a way that he can't navigate the world any other way. With The Apprentice being released this year and election results on the horizon, it's hard to think that any satirisation or attempts at encapsulating the feeling of Trump's America could be more aptly surmised than in the microcosm that Baker creates with Red Rocket- about a man so abundantly reckless yet so devilishly charming that you can't help but listen to what he has to say. All that is to say that Baker's Palme d'Or-winning Anora, which explores a sex worker in a precarious situation for the umpteenth time, doesn't quite nail the one thing that could take it from brilliant to a masterpiece- the naïveté of our titular character. For a profession that hinges on transactional exchanges, she seems awfully gullible to jump at the chance at legitimising one of these relationships, even if it is for the dreamy son of a Russian oligarch. It's not quite infantilisation, but it's a lack of understanding of accountability- something that pops up in The Florida Project too- and here, it essentially boils down to Anora not seeing the big waving red flags in front of her. Now that can be easily explained by experience, or lack thereof, of course- Mikey is a middle-aged veteran of the industry, whereas Anora is seemingly just getting started- but it causes issues when you feel like the point where she should flip from concerned wife to vengeful victim should happen sooner than it does. Now that that's out of the way, I have to say this is probably far and away the funniest film of 2024 so far. Mikey Madison knocks it out of the park with all her Brooklyn sass, and her back and forth with the three Armenian goons, or rather stooges, is just hilarious. Sometimes the bits linger for a little longer than they should, but they're laugh-out-loud funny every single time. Baker no doubt nods towards Showgirls with Anora 's jarring ending, that turns the laughs to silence, and I feel it will definitely be hit or miss with some. More in the tune of Verhoeven though, I wish we got to see a little more of the glitz and glamour of Vegas, to then later contrast with everything else. I can only imagine how much of a symbolic haven that Las Vegas would be for a young sex worker, and so it's the perfect place to then begin to tear that naivety away and make that closing shot feel all the more affecting."
"The Cook, the Thief, His Wife & Her Lover (1989)","Been on a binge of Greenaway's films this year and something about them just click with me. The dark humour, the eroticism, the gorgeous set and costume design, and what a great score too! Michael Gambon is spectacular in this- all his gluttonous, vile moments contrasted with his hilariously sharp dialogue, which is only elevated by his Cockney accent. Brilliant!"
A Different Man (2024),"Very much this year's Dream Scenario . Stan is terrific, Reinsve brings a snide awfulness that's distinctly lacking in Hollywood cinema, particularly in female roles, and Pearson provides the kicker that it doesn't matter what you look like if your values and character aren't genuine. Gets a little on the nose, especially when it turns into a meta deconstruction of itself, but far and away more affecting in its analysis of body image than The Substance was."
Trap (2024),"Fun as hell, and it's clear that Hartnett is having a blast. Somewhat wish this had stayed a single-location film just because the concert setting is so compelling, almost like a reverse Die Hard , but I still did enjoy what we got, even if it couldn't quite decide when to conclude. I do admire the direction that Shyamalan's films are taking though, like how Knock at the Cabin was essentially him coming to terms with what it's like to raise a child in this chaotic world, and now with Trap he's exploring the gifts and troubles of fatherhood, all the while shilling his popstar daughter. Love it."
Threads (1984),Fucking hell.
On the Beach at Night Alone (2017),"They say art imitates life, but that statement might hit a little too close to home when talking about a film about a married filmmaker who had an affair with the lead actress of his film, made by a filmmaker whose wife wouldn't grant him a divorce after he admitted to having an affair with the lead actress of said film after its premiere. But who knows, could've just been a coincidence."
Elephant (2003),"Get what it's going for, but really don't think it works."
Smile 2 (2024),"Smile 2 strangely upgrades on its predecessor in just about every way- set pieces, directing, and Naomi Scott as the lead, but at the same time this is largely the same movie as the first. There's no new way that this protagonist navigates this quote-unquote illness, and even the shocking monster reveal at the end of the first film is repeated at the end of this one- totally a missed opportunity to expand on that. That being said, this is still a fun time- still a little too reliant on jumpscares, but they're thrilling nevertheless, and about 30 minutes too long, but Finn mixes it up just enough to make this still an enjoyable ride (someone needs to tell him to chill with the upside down shots though)."
Wild Strawberries (1957),"Been itching to watch another Bergman film following my trip to Sweden, and finally got around to it. Probably the most straightforward film of his I've seen so far, which isn't necessarily a bad thing, but it doesn't quite hit the depths of Winter Light or Persona. Still, a sweet contemplative piece about mortality, with some interesting dream sequences."
Poetry (2010),"Gorgeous film with a gorgeous ending. Such a powerful performance from Yun Jeong-hie. Lee exploring that poetry isn't something that can be forced or manufactured: inspiration flows as naturally as a river, and comes from the depths of our experiences and memories. It's almost a curse that as we get older we gain more of these experiences and have more stories to tell, but our minds aren't as equipped to tell them. So memories become feelings, and feelings become poetry."
Kajillionaire (2020),"Starting to become a big fan of Miranda July's work between this and Me and You and Everyone We Know- I just wish she made more films! Taps into the indie quirkiness quite unlike anyone I've seen, and underlines heartfelt moments with some brilliantly deadpan humour. Evan Rachel Wood is spectacular here, from her physicality to her mannerisms, as is Gina Rodriguez who I typically find so-so. A real standout is Emile Mosseri's transcendent score though, which I had listened to in parts before this, but listening to it in its origin is special."
Mamma Mia! (2008),This is like crack cocaine for white people.
Raising Arizona (1987),"Coen's had so much sauce from early doors. Such charged filmmaking here, as soon as the chasing begins, this kicks into second gear and stays there till the end. Plus, Nick Cage is just so good in a zany, slapstick role, and fits into the Coen's comedy perfectly."
My Dinner with Andre (1981),"A hypothesis that the act of simply existing- drifting through life with lethargy and automation- doesn't need to be a bad thing. I must say that I think what I got out of this film was seemingly different from what I'm reading others have. To me, My Dinner with Andre serves as a sort of antithesis to the ideas that The Matrix brought about, in that we need this escapism from our default selves, and it poses the idea that maybe taking the 'blue pill' isn't emblematic of cowardice. It's an embryonic version of what that symbol, and its counterpart, has contorted to mean today, and while My Dinner With Andre 's ideas of human connection and meaningful relationships remain a prominent feature of discourse, particularly in a world so much more imbued with technology than just an electric blanket, I feel as if it's, in actual fact, a sardonic evaluation of pseudo-intellectualism, wherein this rambling discussion between these peers is largely of little consequence in comparison to our insertion of ourselves into it. Much like how the waiters serving the food breaks the immersion of this back-and-forth, our gradual understanding that overanalysing human connection by drawing parallels to theatre, art, or science is perhaps more an exercise in self-aggrandisement than actual existentialism. It's a critique of all those who find the need to romanticise every aspect of their lives in order to feel fulfilled, where instead accepting one's current state of being shouldn't be seen as a failure of imagination or a surrender, but instead comes from a place of real acceptance. Andre Gregory's elaborate stories and Wallace Shawn's skeptical responses are ultimately two sides of the same coin- a carefully constructed dialogue that systematically dismantles both the grandiose spiritual quest for meaning and the defensive mundanity of accepting the hand you're dealt. My Dinner with Andre uses the guise of insightfulness to mask a pointed criticism of intellectual posturing, unravelling this ostensibly improvised performance into the meticulously choreographed artifice that it is."
The Apprentice (2024),"Likely found this more palatable than my American counterparts who were no doubt inundated with the face of this deplorable man on their television screens for the better part of a decade. It's certainly interesting having a biopic released about a man currently at the peak of his, and likely anyone's, cultural relevancy- so many of these types of films navigate their central character's journey up until their death, or at least until some kind of tragic downfall spurred by a fatal flaw. But with The Apprentice, Abbasi uses this fatal flaw to fuel a parasitic relationship between mentor and mentee- Jeremy Strong's Roy Cohn and Sebastian Stan's Donald Trump. Stan progressively becomes more like the caricature that we're all more familiar with today as the film progresses, leeching his mannerisms, quote-unquote killer instinct, and malevolent worldview. It's a vampiric transformation, of which Stan embodies brilliantly and Strong mirrors even better, where Trump metaphorically consumes Roy Cohn's life essence, supplanting his mentor and leaving him as nothing more than a hollowed-out husk. While the film gets a little distracted in the second half at trying to solidify a basis for his ethos that extends to this day, it's initial focus on a power hungry scion desperate to outgrow his father's legacy is riveting. He then projects this goal onto his newfound surrogate paternal figure in Cohn, now desperate to prove himself only to then supersede him, ultimately revealing the consuming nature of ambition as a kind of rewarded cannibalism, that only leads to a collapse for those who get eaten along the way."
Werckmeister Harmonies (2000),"Films that effortlessly capture a place or a time tend to be my favourites. What Béla Tarr and Ágnes Hranitzky do so well with Werckmeister Harmonies isn't unlike what Michael Haneke achieves with The White Ribbon . A lingering bubbling of contempt that occasionally erupts to the surface with some inexplicable tragic event. Nobody knows why these things are happening, just that they are, so they attribute their cause to some arbitrary reason in order to regain some semblance of control in their despondent lives, only to find that in this place, and in this time, they never had any to begin with."
A Serious Man (2009),"Glad I stayed to the end credits to see ""No Jews were harmed in the making of this motion picture."""
Sanjuro (1962),"Doesn't quite match Yojimbo, but still brilliant. Toshiro Mifune is spectacular as always, and bounces off each character with such hilarity. The blocking is immaculate- it's Kurosawa what else would one expect- and it gets surprisingly poignant towards the end, even finally paying off the lack of blood with one violent burst in a way which is both cathartic and meaningful."
Apart from You (1933),"Still getting used to the vibe of silent films, but this was probably one of the more narratively straightforward ones I've seen so that helped. Also was my introduction to Naruse's filmography, so thought it best to begin with his earlier work."
It's a Wonderful Life (1946),"Sometimes even my cold, dead heart is warmed."
Juror #2 (2024),"Great stuff. Need to watch more of Eastwood's directorial efforts as they're certainly a blind spot for me. Love that this was more of a straightforward character study than a twisty-turny courtroom drama that I was expecting. Seems like Hoult's having quite the year- still need to see The Order and Nosferatu when it comes out, and I'm excited to see his Lex Luthor too."
Evil Does Not Exist (2023),"Makes sense that this, or more accurately The Gift , was made as an accompaniment to a piece of music- a spectacular bit of work by Eiko Ishibashi by the way. Evil Does Not Exist serenely guides us through the facets of humanity, and how these fit together amidst the backdrop of nature. I don't think the abrupt ending, which is foreboded by the building disquietude and sudden ending of the aforementioned score throughout the film, is particularly unfounded, as from this growing ambience of thriller and what I could draw from the title Evil Does Not Exist , it was always going to come to some culmination of cynicism- it's just the form that this would take that was in question. For me, the title is saying that evil isn't an inherent trait, and it only occurs as a consequence of circumstance- a deer only attacks when it's gut-shot and feels like it has no other choice. It seems like this would make a good double feature with Perfect Days , with both films carrying this underlying backstory that never quite rises to the surface."
The Night of the Hunter (1955),"Came for that one underwater shot, stayed for all the rest- seriously one of the most visually impressive films I've seen. Mitchum is spectacular too."
Nosferatu (1922),"Watching this as prep for Eggers' version, but this was great. The use of shadows was really cool. Can now finally understand the Hash-Slinging Slasher episode of Spongebob fully now. Might watch Herzog's version and maybe Coppola's Bram Stoker's Dracula too before."
Bird (2024),"Just as in Wuthering Heights , Robbie Ryan's handheld cinematography here is gorgeously intimate, capturing pockets of nature in such a serene way. Unfortunately that quality doesn't quite permeate into Bird thoroughly enough, with the most compelling moments of sincerity withheld to the periphery, notably Barry Keoghan's character, and Arnold instead tries to balance her trademark depiction of poverty with this bandaged ethereality. It's a departure in the sense that magical realism isn't something that's typical of these kinds of films, but it's almost not enough of one to where this feels like something groundbreaking."
Stagecoach (1939),Wasn't feeling it to begin with but as soon as John Wayne gets introduced it kicks it up a notch. Wanted to get more into westerns and thought this a good place to start- we'll see if I keep any sort of consistency in that regard; probably not.
Emilia Pérez (2024),"A deplorable mess of a film that'll no doubt sweep awards here and there and earn itself a few Oscar nominations too. It's such a bonkers idea that you think if it fully leant into the camp of it all it might (a big might) just scrounge up enough juice on sheer gall alone to make a decent musical. But as soon as this gets remotely serious, it's frankly abhorrent. A cartel boss who transitions with the help of a criminal defense lawyer- don't even question the logistics there because they don't explain them- and it acts as a quasi-baptism, washing her sins away and allowing her to work for an NGO locating people missing as a result of drug-related crime. If you noticed the irony there, well you're one step ahead of Emilia Pérez . The music numbers are forgettable, poorly staged and lit, and they don't particularly advance the plot whatsoever- something that could be forgivable if they were actually enjoyable in any way. The only saving grace is Zoe Saldaña who you can tell is giving it her all, almost too much really, but the film is too loosely held together to make her attempts worthwhile."
On the Waterfront (1954),"Brando is ludicrously good in this, and everyone else is great too. Loved that the ending mirrors a closing curtain on a play, because so much of this does feel theatrical."
Blitz (2024),How is this the same guy that made Shame.
Double Indemnity (1944),"Such razor sharp dialogue, and brilliant use of shadows. One of the noirs I can definitely see myself rewatching because the pay off is so good. Only thing that annoyed me was that I thought there were a few holes in the murder plan, but didn't end up bothering me too much."
A Scanner Darkly (2006),"Wasn't too much a fan of this to begin with as I was mostly just confused, by design of course. But as this went on, I found myself more and more absorbed by this story. Gotta read Philip K. Dick's novel which I'd imagine would grab me even more, as I'm sure some of the gripping monologues in this were directly pulled from the book. Would love to see Linklater do even more of this kind of stuff again; Apollo 8 1/2 was pretty fun too."
Coffee and Cigarettes (2003),"Few of these pretty clearly better than others. Twins with Buscemi was good, the Cate Blanchett one where there's 2 Cate Blanchetts, RZA and GZA with Bill Murray (mostly because of RZA saying ""You can trust us, Bill Murray"" ), and the best one which was the Alfred Molina and Steve Coogan one- so awkward and funny, ""I just want you to love me"""
Happy Together (1997),"A thing that I read that I found interesting- which spurred me on to watching this tonight- was that in both this and In The Mood For Love , Wong Kar-wai said that the first things they shot were the sex scenes, so the actors could grasp some sort of baseline for how the relationship between the characters would be, without the ambiguity of longing or desire clouding the journey. With In The Mood For Love , the sex scene was cut, and with Happy Together , it's the first thing we see. I just thought it was a nice parallel that draws a sort of dichotomy between the two films, with each still holding that trademark feeling of yearning at their core. And Tony Leung is phenomenal in both."
Singles (1992),One of those rom-coms where I prefer the dynamic between literally every other character than the main couple. Also appreciated the random Paul Giammati cameo.
A Real Pain (2024),"Far too self-insert for my liking, and these leads, particularly Culkin's character, are frankly just too unlikable for this to work for me- and they hardly change or learn anything by the end anyway."
Beau Travail (1999),"Scattered with individually powerful moments, but unfortunately this never quite works for me as a whole. Seeing as this was mostly a recount of a memory, propelled largely by Denis Lavant's introspective voiceover, I would have preferred if it had committed more decisively to being more disjointed and poetic, or more linear and cohesive, but instead it straddles the line between both, which makes it frustrating to connect with. Still though, Agnès Godard's cinematography here is stunning, and Denis' strive to capture a raw form of masculinity is commendable at the very least."
Flow (2024),Ok I pull up.
Sing Sing (2023),"So wonderfully authentic; from the way this is shot, to all the brilliant performances from a mostly first-timer cast. Domingo and Maclin are terrific."
Nickel Boys (2024),"Little torn by this one as it's commendably experimental in it's point-of-view styling- which takes a lot of getting used to if not just for how the dialogue sounds coming from behind the camera- but it just leaves me a little too cold for what's such a tragic story. The documentarian aspects of this are brilliant, and Ross really nails that home in the last 10 minutes, but when looking at Nickel Boys from a strictly narrative perspective, it becomes really hard to latch onto these characters when we only really see portions of what they're going through. Still, a super impressive debut, and landing a Best Picture nomination on your first go is some feat."
The Brutalist (2024),"The bastardisation of a dream. I'd be hard pressed to describe Brady Corbet's 215-minute fiopic (fake biopic, I'm coining that now) as an epic. Sure, it feels large scale-an immigrant trying to find his feet in big America and taking on this gargantuan project, backed by Daniel Blumberg's underused, yet triumphant trumpet score- but really it's a personal story about artistry, and the ending really drives that home. Frankly, I'm surprised, especially in the epilogue and given the current climate, that there wasn't a more solidly didactic parallel made between the forcible displacement of Jews after WWII and the forcible displacement of Palestinians today. It seems like a natural misstep because much of this becomes less about the immigrant experience and a search for a place to call home, and more about the actual process of creation and what gets left behind. I'm not saying that's a story that shouldn't be told too, but it just ends up feeling less consequential by comparison. Although, there is something quite brilliant in the way Corbet suggests that immigrants are as vital a building block to modern day America as the literal building blocks of concrete László Tóth uses in his work. Guy Pearce's Van Buren, played like a spectacularly evil caricature, represents the capitalistic spoils of a war that decimated Tóth's home, and still his ego refuses him to turn his offer down; at first when he has nothing, and then again once he has everything he first wanted. He gets sold on one dream and loses another."
Captain America: Brave New World (2025),"If the lack of the usual introductory Marvel fanfare was indicative of anything, it's how Captain America: Brave New World is a far cry from the thrill of the MCU's heyday, if that were ever a thing, where even its most loyal fans are cottoning on to the horribly edited action sequences and vacuous dialogue, to the point where the post-credits scene is yet another meaningless non-sequitur. Marvel tries its hand again at political thriller, after most recently the utter bore that was Secret Invasion , and once again falls flat on its face, although this time its cultural parallels are a little too on the nose- notably a hotheaded president and his Israeli right-hand. It all just feels like biding time as set-up for the next two Avengers movies, which just about everyone besides the execs agrees are coming out far too early."
The Gorge (2025),Thought I'd make better use of my Apple TV Plus subscription and watch something other than Severance. Safe to say they need a far better catalogue of movies on there because most of it is trash.
Manila in the Claws of Light (1975),"I often struggle to connect with films that are just so relentlessly depressing. And while Manila in the Claws of Light certainly falls into that, it also presents this dreamlike escape as a representation of what the characters aspire to. Without that, it would simply be bleak realism under the Marcos regime- not too dissimilar to how Lav Diaz explores it in a remote village in From What Is Before- but instead in a bustling city, where its residents are forced to find any way to make a living, without ever truly living."
Wicked (2024),"Great production design, and stellar vocal performances from Erivo and Grande, but god if this doesn't look fuck ugly. So many scenes with such great sets ruined by a cacophony of back lighting and listless camerawork- just imagine if Paul King or someone had directed this instead. Also, this is far too long, like way too long, especially for just a part one, and focuses on mostly all the wrong stuff. Still, liked this more than I thought I would have, mainly due to that main duo."
A Complete Unknown (2024),"Not gonna pretend I know much about Bob Dylan or his music, but A Complete Unknown brushes over not only most of his characterisation, but also just about every major American event across the sixties from the Cuban Missile Crisis to the Civil Rights Movement just in case you forgot what period you were watching. The reason Walk the Line worked- at least narratively- was because Johnny Cash's story was so much more tangible, but when faced with something, or rather someone, more nebulous, Mangold finds himself unable to draw a singular throughline that the audience can latch onto, and it'd probably have been best had this been told from Edward Norton's Pete Seeger's perspective instead. Still, if you're looking for something that's essentially a montage of Dylan's music, (I hadn't listened to much of his music at all prior to this, but rest assured I will be now) then you'll probably enjoy yourself."
Julien Donkey-Boy (1999),Yeah... no-one's doing it like this.
Mickey 17 (2025),"How does one follow up to Parasite ? Well director Bong Joon-ho is no stranger to sci-fi creature features- see The Host- so Mickey 17 isn't so much of a departure, especially now that it's his third English language film. It felt very evocative of Starship Troopers , although the heavy-handed satire sometimes verged on being a detriment, mostly because whenever we're focused on Pattinson, it's an absolute romp, and whenever we veer away from him, the film feels less assured. As such, it loses some of its steam in the back half, where it definitely feels like this has been chopped down, but still remains a fun enough time."
The End of Violence (1997),"Looks great, but it's also totally bizarre that this doesn't really aim to tell any coherent story. Dreamlike in its vibe, but also the fact that it almost put me to sleep."
Nowhere (1997),So good. Definitely something that lends itself to lots of rewatches. Can't wait to watch more of Araki's stuff.
The Electric State (2025),Think I know who Luigi Mangione's next two targets should be.
Z (1969),"Spectacular editing and camerawork here- truly a masterclass. Took a little time to figure out what was what considering the blistering pace with which some of the events are explained, but in retrospect, Z is ultimately a straightforward story whose message is brilliantly transferable to similar regimes stretching even to the modern day, and remains emblematic of a culture that seeks to silence rather than empower. ""Any similarity to actual events or persons living or dead is not coincidental. It is INTENTIONAL."""
Companion (2025),"Largely a generic reshuffle of themes that have been dealt with before, and far better- see Ex Machina . Sophie Thatcher is good, but ultimately Companion doesn't really think hard enough about what it's trying to say, and ends up making a few points that feel antithetical to what it's trying to accomplish."
His Three Daughters (2023),"Enjoyed this a fair bit. Love all three of the actresses, especially Olsen. Definitely feels like it misses the trick in actually developing the relationship between these sisters (really can't believe they didn't share a joint at any point throughout this) rather than just airing their issues out, and the dad reveal in the final act doesn't quite work for me, but it's wonderfully shot, and purposefully theatrical, which is always appreciated."
"Black Coal, Thin Ice (2014)","Gorgeously shot by Dong Jinsong, who also did Bi Gan's Long Day's Journey Into Night (and is shooting his upcoming film Resurrection too), so it's no surprise really that this looks as good as it does. A bit like Decision to Leave, mostly because of its noir trappings, although notably less romantic and more bleak in its outlook. Diao Yinan crafts a mystery that often feels less about uncovering the truth and more about confronting how deeply it has corroded the people involved. Liao Fan's world-weary cop doesn't chase redemption so much as drunkenly stumble through its absence, and embarks on an infatuation that feels equally as enigmatic as it does desperate. It's certainly a slow burn, but there's something hypnotic about watching the mundane and the horrific quietly bleed into each other in neon-lit nightscapes and snow-covered streets, even though it doesn't quite culminate in a way that feels entirely rewarding."
The Great Beauty (2013),"Can definitely see why some people find this indulgent, but it seems to me that that is squarely by design. The Great Beauty is a film that plays like a journey through memories, with each scene just sort of happening without any explanation as to how we got there. It's a confrontation of mortality in such a way that I haven't felt since I watched Eternity and a Day - a film I largely preferred to this, mind you- where our protagonist is meandering not because they're lost, but because they're searching- perhaps for meaning, perhaps for feeling, or maybe just for the courage to feel again, like they once did."
The Monkey (2025),Shoots for juvenile humour and shock value instead of anything substantial. Would have worker much better if it was just a full version of the opening before the time skip.
Sinners (2025),"A raucous and riotous romp that Ryan Coogler directs the hell out of, propelled by an unrelenting electric guitar score by Göransson. Partly inspired by Bigelow's Near Dark , and partly a kaleidoscopic purview of Black America, played out as a salaciously charged Western-Musical hybrid that pulses with style at every syncopated dancefloor stomp and reverberating gunshot. Coogler weaves genre like gospel, and intertwines folklore with soul, rage, and rapture- crafting a film that swings, albeit sometimes messily, between the sacred and the profane. It loses steam in a rushed third act, mostly because of the poor pacing leading up to that point and a few askew narrative decisions, but it's unmistakably alive."
Scent of a Woman (1992),"People pretending Pacino is bad here need a reality check. Sure it's not in his top five (hell, maybe even top 10) performances, but he's so good. Not really what I expected from this if I'm honest; mostly because I was just extrapolating from the title. Classic Hollywood fare, and there's nothing wrong with that every now and again. It's over the top and it's melodramatic, but it's fun."
Seeking a Friend for the End of the World (2012),Total mess tonally but those last 5 minutes certainly hit.
Thunderbolts* (2025),"Not so much the return to form that many were touting this to be; if anything this should be the baseline standard for what these films should be. Mostly surface level explorations of guilt and trauma thinly threaded through the narrative using Pullman's Sentry, which also leads to far too much retrospective exposition- a symptom again of having to reintroduce characters that some viewers have met before and others haven't. Still, Thunderbolts* boasts some of the better action sequences in the MCU since at least Shang Chi, with an opening birds-eye sequence that overshadows anything that comes after. It may inspire hope for following films in the franchise which choose to do their own thing, but it's still painfully redolent of the issues that can arise as byproducts of the format."
"Confess, Fletch (2022)","In the middle of a first time Mad Men watch, so it was cool to see Hamm and Slattery in some other roles together here. Definitely need more of these short, funny, B-movie, detective movies around- nice spin on the noir genre that somehow feels fresh too."
Letter from an Unknown Woman (1948),"""Have you ever shuffled faces like cards, hoping to find one that lies somewhere, just over the edge of your memory? The one you've been waiting for?"" Looks stunning and feels it too. A story of unrequited love told through the transience of memory. Keep saying this but I need to watch more noirs."
The Assassin (2015),"A totally spellbinding film that, if it doesn't grip you with its story- which is likely because it's as bare bones as bare bones gets, and Hou almost commendably makes no effort for The Assassin to be the palatable wuxia film the audience would expect from its title if they weren't already familiar with its director- then it almost certainly grabs your attention with its stunning on-location work. Similarly to Flowers of Shanghai , it pains me to rate this a 3.5 because I just simply cannot connect with this story, as much as I was mesmerised by it."
Total Recall (1990),It's tragic that I saw both the remake and a Rick and Morty parody before I saw this.
Blood Diamond (2006),Feels like it would have been far better had Tony Scott directed this.
Revanche (2008),A fascinating subversion of the revenge tale that makes use of some astonishing camerawork and opts for silence over a soundtrack to culminate in a film that's as broodingly suspenseful as it is restrained.
Paper Moon (1973),"Absolutely delightful. Not sure if you can quite emulate the dynamic of the real father-daughter duo because it's just so superb here, as are both Ryan and Tatum O'Neal- been said a million times but probably the best child actor performance ever. EDIT- Did not know about Ryan O'Neal being an a terrible father irl. Misfire there from me."
Sansho the Bailiff (1954),A transcendental fable of love and loss. Beyond words.
Le Grand Amour (1969),"Right up my alley- so quirky and clever with its silly, slapstick humour and dream sequences. The colours and the direction are so perfect, and while it slows down in the second half, I almost always had a smile on my face. Need to watch more Étaix."
Money Monster (2016),"Fine. Jack O'Connell probably the highlight, but I don't buy most of this- as if the cops would ever let them leave that studio and walk into the streets with a bomb. If you want a better corporate thriller with Clooney, just watch Michael Clayton instead."
Godland (2022),"Reminded me a bit of Hamaguchi's Evil Does Not Exist. Don't think it entirely knows what its thesis is, nor how to realise it, but if I said that these weren't some of the most jaw-droppingly gorgeous images I've ever seen, I'd be lying."
A History of Violence (2005),Viggo Mortensen with probably my favourite performance from a Cronenberg movie? It's up there for sure.
Masculin Féminin (1966),"""This film could be called 'The Children of Marx and Coca-Cola.' Understand what you will."" Socialism. Capitalism. Revolution. Conformity. Masculine. Feminine. Godard captures a shift in zeitgeist effortlessly here-through references to events, pop-culture, and an evaluation of the psyche of the young generation that were evolving through the culture that shapes them. He gauges a sense for the dissonance between ideals and lived reality, through a fragmented narrative as systematically broken as the characters themselves."
Yoyo (1965),"""And you- still a clown?"" ""Yes, of course."" A work of genius. Yoyo doesn't simply employ slapstick- it's built on it, layered with joke upon joke like a Rube Goldberg machine that pays homage to both Fellini and the silent era. Everything is a set-up for the next gag, and Étaix choreographs it all with remarkable precision."
"sex, lies, and videotape (1989)",James Spader is so good in this.
High Plains Drifter (1973),"Wonderfully shot, and the vengeful 'personification of Death' trope works well in what's essentially an antithesis to a classic Western (still need to see more), but this severely lacks a character to root for, since all of them are either degenerates or victims."
Mikey and Nicky (1976),"""I just don't want to do it anymore."" ""Do what?"" ""Be your friend."" ""Then I'll be your friend."" A perfect representation of male friendships and masculinity and the toxicity that can spawn from both, told using two real life friends. Falk is excellent, Cassavetes is outstanding."
Warfare (2025),"Not exactly innovative, but a real-time, mostly single-location, tightly-paced approach to a saturated sub-genre was probably the best way to go. Doesn't provide anything new with its thesis, but boasts enough sheer viscera and tactile sound design to coast through well enough."
Blue Steel (1990),"It's almost funny how many times this does the confrontation/narrow escape trope. As a follow up to Near Dark, this is pretty disappointing honestly, especially since it starts off pretty well."
Private Life (2018),"As much as most of us wouldn't want to admit it, the idea of procreation is at least a little bit selfish. The feeling that you want some part of you to succeed and live on once you've died is an inherently egocentric ideal. Jenkins acknowledges this but doesn't condemn it, nor does she condemn any of these characters, which is what makes Private Life so great. Reminiscent of Baumbach with Marriage Story or Mistress America , particularly with the literary, intellectual New York milieu, but different in the sense that it's less concerned with wit or self-laceration, and very rarely succumbs to melodrama. Hahn, Giammati, and Carter as the central trio are all wonderful. Certainly an under-seen gem."
Death of a Unicorn (2025),Feels like this took the most boring possible route for a concept this wild.
Wanda (1970),"A woman ambling aimlessly through life, cornered by passivity, and, as a result, gets taken advantage of at every turn, while doing nothing to combat it. Fuel to her own fire of slow self-erasure, drifting through an indifferent world as the camera follows with the same indifference. Barbara Loden is spectacular; shame she never made another film."
Mountainhead (2025),"Man, I miss Succession."
Superman (2025),"Feels a little like an overeager overcorrection of the character assassination that was Zack Snyder's interpretation of the Man of Steel (I still have no willingness to watch ZSJL ). James Gunn clearly wants to start his universe off with a bang and looks for inspiration in the past, where his now rivalling studio machine, the MCU, got its start with The Avengers. But where he fails is that he lifts the made-for-TV sheen that Whedon plastered over the 2012 film, and misses with what should have been a sleek and simple clean slate, inundating the audience with character after character, and location after location like a bad comic book. Some may be pleased by this trigger-happy approach, but what we've learnt from a barrage of Marvel misfires is that comic book movies are not comic books, and therefore can't follow the same narrative rules as one. That being said, Corenswet fits the part like a glove, and his chemistry with Brosnahan's Lois Lane is undeniable- although her character is surprisingly unsubstantial to the plot given just how much of the film she's in. But for me, Nick Hoult steals the show as a maniacal Lex Luthor, tackling his motivations with a nailed-on clarity that felt desperately needed. Nevertheless, the heart is there, and that's one place you haven't really been able to fault Gunn over his projects, and I'm cautiously optimistic to see what he has in store."
Presence (2024),"Feels reminiscent of Lowery's A Ghost Story , and almost certainly more a domestic drama than horror. Just wish it had stuck to that rather than trying to switch it up in the latter half."
Novocaine (2025),Actually enjoyed this far more than I thought I would. Lots of slapstick humour which is always appreciated.
Gladiator II (2024),"Was never really a big fan of the original Gladiator which is surprising considering how much of a Ridley Scott apologist I can be, but this naturally did little to nothing for me. I don't buy a single one of these character relationships, and all of it just felt like a rehash of a better movie- which is exactly what this is."
Cloud (2024),"Hard-pressed to call this 'deceptively straightforward' when in reality it just feels simply straightforward. Feels less like an analysis of digital malaise as a spiritual successor to Pulse, and more a light commentary on grind culture and the pursuit of escaping the monotony of a 9 to 5. Seems a bit too reverse engineered from that final scene, and while I commend his efforts to tackle modern day issues, this is probably my least favourite of Kurosawa's work thus far."
The Fantastic 4: First Steps (2025),"For the first time in a long time, an actually stylistically assured aesthetic is delivered in the MCU, with retro-futuristic production design that builds a world that feels unique and tactile. It comes as a welcome surprise that Marvel's first family is met with so much adoration out of the gate, although that doesn't last long once they're confronted with an impossible choice. This initial set up in the first act, notably montaging its way through the already well known origin story, is a fantastic (had to get it in there) introduction to what should have set the tone for the rest of the film, but unfortunately it really doesn't. Not only do the aesthetics get laid to waste, particularly in a rather catastrophic third act where the budget seemed to have run dry, but the dynamic between the characters that are a part of this so-called model family is nowhere to be seen. Each one gets their own, albeit shallow, set of motivations, but they never coalesce in the way that they should. It becomes less a realisation of a comic book and more a realisation of a storyboard, wherein everything is so surface level and rushed, including the mythos of two of Marvel's most awesome antagonists in Silver Surfer and Galactus, that it becomes more a pitch meeting for Avengers: Doomsday , with even diehard fans bracing for a cataclysm of cosmic proportions."
28 Years Later (2025),"One of the most batshit insane blockbusters I think I've seen in recent years. Parts Children of Men , parts Shaun of the Dead, and parts Mortal fucking Kombat . Danny Boyle infuses his 2000s style all over this, with quick cuts and jarring edits that feel just like the original film. Going to be crazy to see where Nia DaCosta takes this next, especially considering that ending which I'm sure will fly over the heads of much of the American audience."
Weapons (2025),"With Weapons , Cregger sets out to elucidate and give credence to the deep-seated fears of the American public. A film set in a small-town suburban school- named as it is- it's hard not to instantly think of school shootings. And while the film doesn't hold your hand like much of modern horror does, this idea, along with an atmosphere of collective trauma and survivor's guilt, is viscerally apparent. He builds suspense to a sharp point and pops the subsequent bubble in a brilliant clash between horror and comedy reminiscent of his first feature, Barbarian, but instead traverses the gory punchline through non-linear, interconnected vignettes of the ensemble, which, granted, each feel like they withhold the catharsis a bit too much with conflicting climactic cutaways, but also bring to the surface a demonstrable culmination of shared guilt and grief."
War of the Worlds (2005),Where's Ice Cube?
Fear and Loathing in Las Vegas (1998),"A trippy road trip that meanders through Vegas with a dizzying concoction of paranoia and anxiety. A deconstruction of the sensationalism behind the War on Drugs, and the rise of disillusionment in pursuit of a contorted American Dream. Depp is great, but del Toro is extraordinary. ""I was right in the middle of a fucking reptile zoo, and somebody was giving booze to these goddamn things. Won't be long now before they tear us to shreds."
Homicide (1991),"A clever spin on the jaded, disillusioned cop stereotype, and in fact, a spin on stereotypes from a range of different ethnic and societal groups. Mamet doesn't point any fingers per se, but instead begs questions as to whether any of these communities are as complicit in their own pitfalls as the systems that are meant to be there to protect them. Prescient today absolutely, although Mamet's stance on Zionism has notably changed from the relative neutrality he shows here- there's an ambivalence from how he displays the grooming of a disenfranchised Jewish man who'd sooner say he's a cop than a Jew, to the alienation and lack of assimilation of the Jewish people in America- to a more staunch supporter of the regime."
Hard Eight (1996),"PTA allergic to making a bad film it seems. I mean, what a debut this is. Not only looks gorgeous, but making a mellow, neo-noir-esque thriller with this cast, just a year after Casino came out- awesome. Feels the most Tarantino of PTAs filmography if that makes sense, but deftly more restrained."
About Endlessness (2019),"""I think time is rushing by, and I haven't accomplished anything."" A gallery of banalities curated in such a painterly way from Andersson, with each stroke of grey and beige journeying us through vignettes about the absurdity of life, as has been a common through line across the films of his I've seen thus far. It's sterile and forlorn, but there's still this overarching feeling of optimism that Andersson is trying to convey to us; an insistence to float above the misery and despair that edges us ever closer to an apocalyptic apathy, and choose to feel instead."
The Thursday Murder Club (2025),"A serviceable whodunnit that will no doubt run riot with all the British mums and dads- wouldn't be surprised to hear of this hitting records of some kind on Netflix UK. Frankly, this should be far more fun than it is; it focuses on all the most boring parts of the mystery, and the so-called club don't really work together as a team at all. Also... Chris Columbus directed this?!"
The Wind Will Carry Us (1999),"A confrontation between traditionalism and modernism, where the dubious intentions of the intruding crew hold a mirror up to Kiarostami's own practices as a filmmaker. So much of the film hides in shadows- characters and events withheld to the periphery while we focus on the deceptive simplicity of our protagonist, following him as he meanders through the mundanities of this small, secluded Iranian village. It breathes with absence that shapes into this atmosphere of a cinematic afterlife, where the loss of purpose reveals meaning rather than obfuscating it. It is fitting, then, that The Wind Will Carry Us borrows its name from a line of poetry, because the film itself feels so much like the visual manifestation of one."
Highest 2 Lowest (2025),"As seems to be the general consensus, a pretty woeful first act that had me worried that this was going to be composed of all the same gauche, washed-out stylisations of the rest of Apple TV Plus' catalogue, Killers of the Flower Moon notwithstanding. But it really does pick up after that, with Spike's energy transferred into the camera and its movement. He, and perhaps Guadagnino, seem to be the only directors with the gall to remake such cinematic heavyweights, so while this had practically zero chance of coming close to the masterpiece that is Kurosawa's film, you still have to commend the effort. Highest 2 Lowest can feel preachy at times, but that's likely a byproduct of Spike's overcorrection to making this feel as rooted in the modern world as possible (if Apple's constant product placement didn't do that already). The hills of Yokohama are replaced by the skyscrapers of New York City, and Mifune's sybaritic shoemaker Kingo Gondo is switched out for Washington's music magnate David King, who, much like in the original film, finds himself between a rock and a hard place in a case of mistaken identity in a kidnapping. It's quite brilliant that our first confrontation between King and the perpetrator is between the glass of a music studio, not only because it's A$AP Rocky on the other side, but because of the parallels to how High and Low comes to a conclusion, which is mirrored again later on. It's not quite encapsulating nor incisive enough to consider it a worthwhile remake; though I suppose there's no value in weighing art in that way, which is what Spike's thesis seems to be by the end of the film."
We're All Going to the World's Fair (2021),"Ever so slightly bare-bones for me, but if the scale tipped too far the other way I'd be more annoyed, so I guess this is fine. There's definitely a strive to capture specific epochs through Schoenbrun's two films, with this one tackling adolescence and internet challenges like a warped version of Eighth Grade, so while it can feel like a short film's worth of ideas stretched into feature length, but it still vividly evokes early 2010s net-culture, fused with the singular, isolating atmosphere of the pandemic. Sort of the antithesis of a coming-of-age story, where the periphery of the era feels thick with a melancholic nostalgia."
Twin Peaks (1989),"Save for my mistake with Fassbinder's World on a Wire , I haven't logged a TV show on Letterboxd since I started my account at the end of 2021. It's something I decided early and stuck to, a bit like how I decided to write a review for every feature-length and short film I watch (something I've considered abandoning in part on more than multiple occasions). Having said all of that, it seemed apt, especially with David Lynch's passing earlier this year, that Twin Peaks be the thing that becomes an exception to that rule, and I'm logging the pilot here as proxy for the whole first 2 seasons of the show. I doubt I'll fit all my thoughts nor articulate them as properly as I would like to, but I'll try. I really didn't know what to think going into the show. Apart from what I've experienced across Lynch's other work, I really had no reference for what this would be like, which is surprising since I carry little hints or spoilers for just about every popular TV show I haven't yet seen- the downside of having a good memory is that these are near impossible to gaslight myself into forgetting. But I didn't really have that for Twin Peaks , and so I began quite surprised of just how straightforward it seemed at first, having expected Lynch's surrealism right from the jump. But I suppose that's what makes it all that affecting when it does arrive; credit to him and Frost for figuring that out. Not only is that balance met perfectly, but also in conjunction with earnest, heartfelt, funny, thrilling, and mysterious moments across the whole show, an indelible score by Badalamenti, and Kyle MacLachlan, who knocks it out of the park in the lead role. It certainly loses a little steam in parts of Season Two after Laura Palmer's arc sort of concludes- as much as it can with her ghost haunting the narrative and every facet of the town and its people- but it brings it back around with an ending that's just so remarkably bleak (and frustratingly 'incomplete', though I can't imagine how much worse that feeling would have been in the 90s) it's impressive in and of itself. Nothing exists quite like Twin Peaks , only in pastiches and homage that have come after, and I'm quite certain that nothing quite like it will ever exist again. It's a frightening and comforting thought, though I suppose it'll be an exciting feeling to actually be there for when a show comes close to emulating this balance of heart and spirit, if that time ever comes. Now onto Fire Walk With Me and The Return. I'll probably review The Return and then not review another TV show again. I did a few on Serializd but the app kinda sucks so I never actually stayed up to date with any of my TV show watches, nor do I plan to. ""I'll see you again in 25 years."""
Twin Peaks: Fire Walk with Me (1992),"Equally devastating in its sadness as it is tragically horrific, Fire Walk With Me illuminates what we had only known about the last moments of Laura Palmer's life through secondhand accounts, piecing together the gutting details we previously understood only in part. It constructs monsters and otherworldly spaces, both to externalize and to bear the unbearable weight of suffering. Every connection is transactional, whether forged in love or malice, because even in her most unfathomable pain, even kindness could feel like a burden, and in retreating from these rare gestures of care, Laura was, in her own tragic way, trying to shield those who loved her from what she felt was the inescapable, contagious weight of her suffering. Sheryl Lee is transcendental."
Inherent Vice (2014),"Now finally completed Paul Thomas Anderson's filmography, and as I suspected, not a bad film among the lot. It's scintillatingly impressive how much he keeps you in stride here with a plot that's basically (intentionally so, of course) incomprehensible. One of those ones that you just have to let wash over you than try to grab onto anything in particular. Knockout performances all round, Phoenix and Brolin in particular."
One Battle After Another (2025),"I mean, talk about capturing the zeitgeist. Paul Thomas Anderson is invariably one of the best and most consistent filmmakers working today, well within the discussion of being top of his class of contemporaries, and so when you heard that Warner Brothers was giving him a $150 million stimulus cheque to make his new film, you knew that you just had to be in the cinema to watch it. Opening with barbed wire-encased detention centres holding entire families of people feels already horrifyingly redolent of today's America, until a tacitly placed 16-year time jump shows us that nothing has really changed at all. In One Battle After Another, revolutions are as cyclical as the word itself, and the people that enact them are tired and worn, endlessly striving for a change that never comes. But PTA doesn't leave us in this pit of nihilism, no. Instead, surged forward almost without pause by yet another remarkable score from Jonny Greenwood, he takes us on this wild ride as up and down as the film's wondrous concluding set piece and sets forth an almost rallying war-cry for future generations to remain steadfast and carry the mantle of 'revolutionary' forwards. It's anarchic to the tune of Fight Club , but less a reflection on toxic masculinity and more on the generic delusions of grandeur and circle-jerk inflations of ego of white nationalists. Penn plays a chauvinistic caricature of every right-wing, roid-raged reprobate rolled into one- and it's one of the funniest performances in years. Chase Infiniti is a revelation and a half, and DiCaprio- you almost forget just how good he is until you watch him on screen again, and he's just magnetic, adding another triumph to PTA's repertoire of iconic protagonists- and the first one to get a Fortnite skin! Fingers crossed for Daniel Plainview next: the pickaxe is already on theme."
Rebel Ridge (2024),"""Did I put too much sauce on that?"" Instant movie star stuff from Aaron Pierre- what a commanding performance. Think this starts super strong, but flails as it comes to an end. Has to stick to its guns a little more and be the Western it's trying to be, as it spends too much time trying to prove what we already know, although at least it does so with a charged pace."
Memoria (2021),"""Why are you crying? These are not your memories."" One of those films where whatever you derive from it, whatever message relays itself to you through the frequencies, is precisely what it's about. Proof of the maxim that the filmmaker's intention is among the least important parts of the experience for the viewer."
10 Cloverfield Lane (2016),"John Goodman is so good here. It really feels like I haven't seen him in a film in a while, although I just saw that he's going to be in Iñárritu's new film which should be interesting."
Winter Sleep (2014),"How can the path to hell be paved with good intentions, if those intentions are nothing but vanity disguised as virtue? Nuri Bilge Ceylan's Winter Sleep wrestles with this question across the span of over three hours, setting us down in the vast, breathtaking landscapes of Anatolia only to draw us inward, away from freedom and into confinement. The wide horizons that promise release are constantly withheld, replaced instead by rooms thick with words- long, piercing conversations that trap the characters as surely as the snow and stone around them."
Winter's Bone (2010),A stripped-back thriller with a good breakout performance from Jennifer Lawrence and a great one from John Hawkes. A bit too 'this place and then this place and then this place' for me- you feel with low budget indies like this they should just focus on a handful of locations and then the scenery.
Cold Fish (2010),"Could see people absolutely hating this- I mean, even I'm not fully convinced Sono isn't some kind of pervert from watching his films. But there's just no way you predict where this ends up from where it starts- and I'm not sure any other director does it quite like him. It's depraved and darkly comedic, and doesn't let up once it gets going."
They Live (1988),"""Maybe they're always been with us... those things out there. Maybe they love it... seeing us hate each other, watching us kill each other off, feeding on our own cold fuckin' hearts..."" Doesn't flow as slickly as some of Carpenter's other work, but seriously who cares with execution like this? Brilliant imagery, pulpy one-liners, and messaging that's still prevalent to this day. And what an awesome fight scene."
The Phoenician Scheme (2025),"Feel like I'm on the other end of the spectrum to most as I greatly preferred this to Asteroid City , and it's likely my favourite Wes Anderson film since The Grand Budapest Hotel. Benicio is always fantastic, and the father-daughter relationship actually gets me invested in this story, compared to the sterility of his last two films. It's still a little too distant for me, but it's certainly the most fun one of Wes' films has felt in a while, and it hardly needs to be said, but it looks sensational."
The Descent (2005),"Assuredly one of the most potent and viscerally effective horror movies of all time. If the first half of intense claustrophobia doesn't get you, then the monsters certainly will; a twist I was aware of, but that certainly didn't make it any less haunting. Also didn't know just how gruesome this got-truly an uncomfortable experience. You'll never catch me doing any cave bullshit like this."
The Aviator (2004),"One of Scorsese's bigger films, definitely a little long but much of this is so impressive, especially in the first act, that it almost doesn't matter. Need to see Howard Hughes' films now, naturally."
The New World (2005),"Watched the extended cut of this. Likely the most cohesive narrative across Malick's films I've seen thus far, not that that was something I ever really needed when I was watching them. Just a gorgeous film on all fronts. A reversal from the discovery of a 'new world' from one perspective, to a contortion of that discovery from another. Questions whether love is an innate product of nature, or a garden we can sow and nurture and tend through the passing of time."
"O-Bi, O-Ba: The End of Civilization (1985)","In Szulkin's third vision of apocalypse, the zombified remnants of humanity shuffle through a decaying concrete warren, sustained by a weaponised myth of salvation. Hope itself becomes the virus- a self-replicating fiction that keeps despair at bay, a narrative that spurs a narrative. O-Bi, O-Ba stands as another bleak, fascinating entry in his tetralogy, a grimy, desolate meditation on belief at the end of the world."
A House of Dynamite (2025),"About as bland and uninspired past a riveting first act as it gets. Who thought it was a good idea to repeat the climax not once, but two more times without any real change to the context? I prefer my propaganda with a much healthier dose of fun, please, Ms. Bigelow- see Top Gun: Maverick."
Sorcerer (1977),"Makes you think, ""How the hell is this ever going to come together?"" at the start, and then proceeds to come together in the most breathtakingly exhilarating way."
The Long Walk (2025),"The Long Walk feels hopelessly hamstrung by the era of YA novel adaptations from the early 2010s- the likes of The Hunger Games (not surprised to then see that Lawrence had directed the bulk of that series) and The Maze Runner - adopting their same self-serious bleakness without a trace of the cultural bite that such stories need to resonate. It's so packed full of stretches of didactic dialogue about the failings of society that it forgets to actually engage with them in any meaningful way, thematically or cinematically."
Mahjong (1996),"""You thought the 19th century was the glorious age of Imperialism? Wait until you see the 21st century."" Happy birthday to the master Edward Yang. Certainly gone too soon- can only wonder what films he'd have made if he were still alive today. Been apprehensive to watch another one of his films because it just means I have one less to watch for the first time. Spectacular as always; probably his most accessible work, certainly his funniest. Believe I only have A Confucian Confusion left of his features."
Die My Love (2025),"A fly buzzing, a dog barking, a baby crying- the ambient noise of disintegration, channeled through a career-best performance from Jennifer Lawrence, whose fully committed approach to the role is matched only by the singular vision of one of today's most distinctive directors, Lynne Ramsay. Die My Love is messy- purposefully and pridefully so- but messy nonetheless. A wanton spill of internal struggle poured out into the external world. It's not so much a straightforward examination of postpartum depression as it is a fierce amalgam of emotion, madness, and raw, unfettered humanity. It calls to mind A Woman Under the Influence , with that same collision of love and frailty. But where Cassavetes observed from within the trembling walls of a home, Ramsay seems to tear through them. Though both depict the claustrophobia of domesticity, Rasmay's gaze is more primal, suffused with a fevered intensity that feels perpetually on the verge of rupture. But this very fever, this deliberate collapse of form, comes at the cost of the sustained, aching empathy Cassavetes so potently achieved. It is a bold, unrestrained work- of that there is no question- but its rawness is its beauty and its limitation alike."
3 Women (1977),Probably the most affected I've been by one of Altman's films so far- adore how he moves the camera here. Sissy Spacek is tremendous.
L'Eclisse (1962),"Antonioni's eye for composition is masterful, but this largely didn't work for me. A vague look at the insular disconnect of the bourgeoisie, with allusions to the ills capitalism that never feel explored because we focus on a romance that I never really bought. A lot of people seem to love the ending of this, but that seemed to be a summary of everything I didn't like about the film. In actual fact, I thought the inverse: the opening was one of the best I've ever seen-loved the visual storytelling and the isolated mood it sets up, but it never really maintains it."
If I Had Legs I'd Kick You (2025),"For all intents and purposes, If I Had Legs I'd Kick You (and yes, I'm still hung up on this year's aversion to commas- Die My Love being another offender) is a horror movie. Like Lynne Ramsay's film, it makes use of jarring audiovisual flourishes to plunge us into the mind of a mother on the brink, hemming us in with suffocating close-ups and anxiety-inducing psychedelia, similarly all anchored by a superb lead performance- Best Actress race this year will be a good one. But despite this, the film ultimately feels a bit gimmicky- and, frankly, a little safe. Making Rose Byrne's character a therapist is narratively too convenient; the hole-in-the-ceiling metaphor is too on the nose; and the barrage of trippy sounds and visuals- particularly the 'not seeing the daughter until the end' part- ends up feeling like a shortcut rather than an earned way of making us feel those same emotions organically."
Ballad of a Small Player (2025),"And what if I said this was Berger's best film yet? Admittedly, not a high bar, but I think this one's getting the vitriol that should have been directed at Conclave and All Quiet on the Western Front. It doesn't reinvent the wheel, and should be unquestionably more fun than it is- how this isn't chock full of sight gags and physical comedy I have no idea, because Colin Farrell is certainly capable of it- but it looks great, and the story of a sweaty, degenerate gambler taking on Macau is pretty interesting, especially when it's under 2 hours long. I do seem to have a certain affinity towards films of this ilk ( Uncut Gems, Win It All etc.), so perhaps it shouldn't be a surprise that this worked for me, and I kinda do want to visit Macau now. Maybe I should gamble my life savings."
Roofman (2025),Pretty charming. Channing Tatum's charisma makes this work and Kirsten Dunst is always great. Derek Cianfrance may be the most consistently 7/10 guy going.
A City of Sadness (1989),"""In life, far from the motherland. In death, returning to the motherland. Both life and death are governed by destiny."" Difficult in the sense that this is so antithetical to the typical historical drama in that it does nothing to educate you of the tragedies of post-colonial Taiwan, and instead shows everything solely through secondary effects-fragments of conversation, sudden disappearances, rumours, or the moments left hanging at the end of scenes. Having now read about the historical context-the 228 Massacre, and the 38 years of authoritarian rule under martial law, including the prohibition against even speaking about these events-the film's approach becomes far more legible. Hou Hsiao-hsien using the device of Tony Leung's deaf and mute character as a symbol of this censorship is brilliant, especially when Taiwan became such a melting pot of different languages that even people who could talk couldn't find the words to communicate. A City of Sadness exists in a time where even writing messages on paper could be seen as a minor act of rebellion. It's a historical film that refuses to historicise, a political film that speaks in the only way it knows how after being silenced for so long, and Hou shows how people lived inside the aftermath."
Eddington (2025),Very glad I missed the majority of Twitter discourse about this one.
"Spring, Summer, Fall, Winter... and Spring (2003)","Obviously gorgeous location work but this resolutely did not work for me. A faux-profound message and a parabolic narrative that I ended up finding rather obnoxious. Probably silly to say, but had this been made like 50 years earlier, I probably would have enjoyed it a lot more."
Hard Truths (2024),"Mike Leigh just gets it man: so very real, acerbic, and hilarious. Marianne Jean-Baptiste is phenomenal- should have been a shoo-in for the Oscar- best performance of 2024, perhaps the decade."
Wake Up Dead Man (2025),Josh O'Connor's a fucking star.
Bugonia (2025),"It's no coincidence that both this and One Battle After Another depict a flailing disillusionment with authority. In Bugonia, that loss of faith curdles into an exasperated cynicism, gesturing at systems of power it no longer believes in but can't quite escape. It points its satire upwards but recognises that the consequences are always borne by those at the bottom, and so unlike Paul Thomas Anderson's film that hopefully footnotes the idea that life is a cyclical fight against the powers that be, Lanthimos takes an approach more in line with him and his films, and lets the closing sequences quietly portend a bleaker, more absurdist view of human struggle, in a way that recalls the deadpan melancholy of Roy Andersson instead."
Jay Kelly (2025),"Seen people saying that Baumbach is far too young to be doing a career retrospective, especially one so very 'love of cinema', and I'm not sure I entirely disagree. If the obscured quote from Sylvia Plath that opens the film is indicative of anything, it's that Jay Kelly doesn't exactly know what its message is. There's far too much 'throw enough shit at the wall and see what sticks' here for something that's essentially a trite version of The Great Beauty , and Baumbach shockingly tries to nail down line after line of profound dialogue, which was a trait that seemed to come so naturally in his earlier work."
Avatar: Fire and Ash (2025),"Unlikely to convert any non-believers, and James Cameron remains utterly unapologetic about his shortcomings. Still, those of us who have placed our faith equally in both Eywa and him know exactly what we're in for. Fire and Ash delivers another immersive return to Pandora, where cinematic virtuosity once again outpaces narrative invention, and spectacle is asked to do the heavy lifting- and lift it does. Cameron no longer has the advantage of time in his arsenal to reinvent the medium as he once did, and with technological gains necessarily more incremental, he pivots toward his most honed gift, an unerring instinct for blockbuster mechanics, to craft an experience that's as heightened as heightened gets."
Network (1976),"Just some of the best dialogue you're ever likely to hear. I mean, there's having your finger on the pulse, and there's having your finger simultaneously on the pulse of every successive decade, stretching from the 70s to now. Sensational. Would make an incredible double feature with Videodrome."
Now You See Me: Now You Don't (2025),Like a shitty version of the Escape Room movies mixed with a shitty version of the Mission: Impossible movies. Genuinely think this could have been written in an afternoon.
Eternity (2025),"Pretty cute, largely due to Elizabeth Olsen being endlessly watchable. An eternity in any reality seems like torture to me though."
Tokyo Godfathers (2003),Merry Christmas!
Annie Hall (1977),"Pretty much the same masturbatory, 'refusal to be the butt of the joke' stuff from Allen, and yet this is still terrific. It's always an impressive feat when you can immediately recognise the bits and bobs of inspiration that other films have pulled from another, and that happens multiple times here. And I always love films that make a place feel like a character."
A Matter of Life and Death (1946),"Gets a tad tangential with the courtroom debates on England vs America, but it's still one of the most impressive technical feats I've ever seen. My first of Powell & Pressburger, excited to watch more."
Frankenstein (2025),"This may be the worst offender since Wicked for soiling its enchanting production design with lifeless camerawork and a woefully sluggish narrative. A slog, frankly."
Relay (2024),"A pretty decent espionage thriller that works best when Ahmed is the taciturn and enigmatic ""man behind the curtain"" rather than the muscle, yet remains sharp and tightly edited enough to be an enjoyable watch. Best served with cheese, wine, and various cold meats, which my mum and I indulged in. Happy New Year all!"
Marty Supreme (2025),"Runs along the same lines as Uncut Gems and Good Time , naturally, but what I've found myself ruminating on is what separates Marty Mauser from the grimy, Machiavellian protagonists of those films. While Robert Pattinson's Connie Nikas and Adam Sandler's Howard Ratner absolutely feel as though they could be plucked from any street corner in New York, neither character is technically real. Here, Josh Safdie makes a conscious decision to ground Marty Supreme -albeit very loosely- in the life of an actual table tennis player, a figure so obscure that, frankly, none of us had ever heard of him before. That grounding proves crucial. Combined with the film's Pyrrhic ending, the closing needledrop of Tears for Fears' "" Everybody Wants to Rule the World, "" and the foreshadowing of Gwyneth Paltrow's fading movie star, Safdie constructs a portrait of ambition that is unmistakably American in texture. Each of these elements gestures toward a different facet of the American Dream: success as spectacle, notoriety as validation, and legacy as something both promised and perpetually out of reach. Yet these symbols are not the be-all and end-all of what Safdie is attempting. In the film's closing moments, the focus narrows to something far more intimate, as we are confronted with a crying Timothée Chalamet, separated by a pane of glass from a child whose birth he was absent for. Where Good Time and Uncut Gems leave the viewer to reckon with the chaotic fallout of their protagonists' lives only after their deaths, Marty Supreme shifts that burden. The onus is shared between the audience and Marty himself, inviting us to draw our own conclusions: whether the third time truly is the charm, whether Marty will finally abandon his incessant pursuit of notoriety in favour of something real, or whether he will remain perpetually stuck behind the glass- grieving a life he knows he will never live."
You Can Count on Me (2000),Man I wish Kenneth Lonergan directed more movies.
Spring Breakers (2012),"Pairing ex-Disney stars with two pointed Britney Spears songs- likely the pop world's most famous case of lost agency- is a masterstroke from Korine. A hedonistic, phosphorescent reverie that plays everything straight and narrow, only to distort and deconstruct the meaning of every maximalist abandon of inhibition, fetishising drugs, partying and violence until they're all reduced to a common denominator of sex, and with that, the shared reverie turns into a pipe dream. ""I am starting to think this is the most spiritual place I've ever been."""
Hamnet (2025),"It's perhaps inevitable that some viewers will find Hamnet inauthentic, just as many, including myself, did with Zhao's Best Picture-winning Nomadland . But where Nomadland often keeps its audience at arm's length through its reliance on expansive wide shots, Hamnet does the opposite and draws us in close. There's no attempt to disguise the film's intentions when Zhao opens with an epigraph taken from Stephen Greenblatt's 2004 essay, The Death of Hamnet and the Making of Hamlet . With that framing made explicit from the outset, complaints that the film manipulates its audience into feeling grief- or obliges them to cry- feel misplaced. Rather than questioning the film's authenticity, I find myself questioning the authenticity of those preconceptions. Many people grow up with an aversion to Shakespeare, not because of the work itself, but because they are forced to study it at a time when it can feel boring, incomprehensible, and stripped of any sense of pleasure or discovery. In turn, Shakespeare becomes this almost mythologised figure, elevated beyond reach, detached from the emotional clarity and humanity of the work we continue to engage with today. So when Maggie O'Farrell and Zhao recontextualise this through a semi-fictional account that tackles something as universal as grief and filters it through the lived experiences of William Shakespeare and his wife Agnes (Anne), it turns this mythologised figure into someone we can empathise with, and his work into something we can comprehend and feel. Even before the familiar notes of On the Nature of Daylight signal the close, Hamnet evokes Arrival throughout. Both films grapple with the grief of losing a child, but where Arrival fractures time to explore memory and inevitability, Hamnet bridges centuries, collapsing the distance between contemporary audiences and lives lived hundreds of years ago. It confronts a lingering question that I saw on Twitter a little while back: did people in the past experience emotion as we do? Jessie Buckley's towering and transportive performance answers that question with absolute clarity, rendering grief as tangible as our own."
Rental Family (2025),Pretty damn explicit and kitsch about all its emotional moments but cute nonetheless. I could see a 90s version of this with Nick Cage instead and it's probably better.
Train Dreams (2025),"Accomplished Malick imitators are few and far between, and while Clint Bentley makes Train Dreams feel transportive and novelistic in a wholly tactile way, it just doesn't nail the ineffable quality that lifts Malick's images from an aesthetic to a feeling, and doesn't commit in any sense to the dramaturgic weight that could make a story like this resonate. Slow cinema for people who don't actually want to watch slow cinema."
28 Years Later: The Bone Temple (2026),"Feels equally, if not more, constrained by the burden of being 'one third of a whole' as the first film in the new trilogy did, and though Nia DaCosta had her work cut out for her, especially as an American filmmaker stepping into this franchise, she still manages to pull together a wickedly brilliant middle chapter. 28 Years Later was one of my surprise favourites of 2025, and while The Bone Temple is certainly tonal shift, both thematically and stylistically, slowing things down from the kinetic dread of Danny Boyle's sequel, it feels like the first time in a while we're reminded of the metaphor that the rage virus is meant to represent. It becomes a brutal examination of the philosophy, 'if there is so much evil in the world, and neither God nor Satan exists, who do we blame for our suffering?' In confronting that question, with all its gruesome implications, The Bone Temple suggests the most enduring source of evil has always been human nature itself."
Apocalypse Now (1979),"One of my biggest blindspots, and man the way this turns from a prototypical chauvinistic, brazen madness to a primal, mythical hypnosis after Brando gets introduced is staggering. Those dissolves too, wow! Martin Sheen's voiceover is obviously iconic, and Brando is Brando, and half the time I'm wondering how the hell they pulled some of this off before remembering that it's one of the most iconic examples of a nightmare production- feels reminiscent of Sorcerer in more ways than one."
Welcome to the Dollhouse (1995),"Shot with such vibrant colours and playful costume design that only further emphasise Solondz' pointed dark humour, which works far better here than it did for me with Happiness, mainly because we're just focusing on the one character. I do think there needed to be some comeuppance or notable change in her circumstances towards the end, though I suppose the cynicism of the 'nothing ever changes' conclusion works too. So depressing when you hear about Solondz struggling to finance his films- his latest one having to cancel production in 2024 because of lack of funding, and it would have starred Elizabeth Olsen and Charles Melton too!"
Judgment at Nuremberg (1961),"What spectacular camerawork here, wow! And Kramer's decision to include actual Holocaust footage is certainly jarring, intentionally so, of course. Stellar performances all round too- Montgomery Clift's part a personal highlight."
No Other Choice (2025),"A little long and not as immediately resonant as Park's other work, but even with these faults he's doing it better than almost anyone else in the game. Darkly comedic, reminiscent of Tokyo Sonata in that it's a confident satire of the typical, nuclear family, urban lifestyle that gradually decays and collapses from cracks that were already there."
Pusher (1996),"Love the whole gritty, handheld, follow-through-the-streets feel this has. Probably the best of Refn's work I've watched so far. Wish Mads was in it more but Kim Bodnia was a great lead nonetheless. Need to watch the others asap."
Mommy (2014),"Affecting in parts, for sure, but it never quite gels for me as a whole. Despite some terrific performances, I never fully buy into the world Dolan is trying to create. Off-kilter and uneasy by design, particularly with the 1:1 aspect ratio and establishing diegetic premise, but I hardly ever felt truly challenged or provoked by any of it. All felt a little too obvious and tongue in cheek for me."
Lawrence of Arabia (1962),Nothing quite like watching one of the greatest films of all time to get you out of a slump. Would have been up there even if it had ended when the intermission hit; undoubtedly there once the rest of it unfolds.
Mona Lisa Smile (2003),"Feels like the mid-budget sappy drama is a bit of a lost art nowadays, aside from maybe The Holdovers but that was mainly pastiche. Anyway, this was a pretty good one. Nothing revolutionary, but what a great cast, even some of the minor characters."
Sentimental Value (2025),"I've only seen Trier's two most recent films, including this one, but it almost frustrates me how close I am to the pendulum swinging either way with me connecting with them or not. What I mean to say is that The Worst Person in the World didn't fully grab me emotionally until around the last act, and now Sentimental Value holds a similar kind of understated restraint that leaves me a little too uninvested by the end. These characters are experiencing these big, complex emotions, but it feels like I'm just outside the room every time, a voyeur to the atmosphere rather than a participant. There's a dryness to the sentiment that seems similarly shared by the dryness of a lot of European wit, and it can be easy for either to pass you by if you're not unquestionably present. That being said, Trier's latest film is still full of a lot of heart, that's for sure. The meta layer of filmmaking acting as this therapising bridge between a repressed self and an actualised self is a brilliant tool that he makes use of very well, especially in the concluding scene. Stellan is spectacular, as he so often is, and Renate is excellent too. Frankly, I thought this could have been longer, though maybe that is because I was searching for a little more to chew on. Though, just put enough beautiful women in a film, and I'm bound to enjoy it."
Enys Men (2022),Beautiful and cryptic. Really got under my skin. Lulls you into a trance with vibrant colours and a gentle monotony only to jolt you with jarring sound design and an incongruous narrative. Feels reductive to just call this folk horror because it exists in a limbo of uncanniness that feels as equally comforting as it does unsettling.
Bone Tomahawk (2015),"Don't love how this is shot, but the way Zahler depicts his violence as banal and ruthless is quite something. Could see this being a much rougher watch if not for the delightful performance from Richard Jenkins."
Before the Devil Knows You're Dead (2007),"Undeniably full of some of the snags of 2000s digital filmmaking, but with actors this good and a script that feels inventive even though it's practically the umpteenth spin on the Murphy's Law downward spiral, it still remains a deft thriller, directed by an 82 year old Lumet."
It Was Just an Accident (2025),"A little less challenging than I was expecting, but I suppose the rudimentary nature of the narrative could be seen as both a positive and a negative. Certainly a film steeped in personal experience, obviously given Panahi's past, and I'm glad to expand my repertoire of Iranian cinema past just Kiarostami."
F1 (2025),"An awesome technical achievement, but it genuinely feels like this film is running on autopilot 90% of the time. I mean, there's a barebones script and then there's this; at least Top Gun : Maverick struck the balance right between thrills and sentimentality. I will probably watch F1 2 or whatever gymnastics they'll have to navigate to figure out a name for it- though I fear that it'll follow the same path as a lot of sports movie sequels where it'll struggle to up the ante in any tangible way."
Blue Moon (2025),"Didn't realise I had missed a monologuing Ethan Hawke until now. A taut, single-location dissertation on the vulnerability of putting art out there for anyone that will listen, set against the easier temptation of putting things out there simply because people are listening."
The Secret Agent (2025),"Appreciate the subversion of The Secret Agent being a slow burn given what people would expect from its title. Strangely enough evokes The Zone of Interest for me in that it captures a place and a time, buried and caked in layers of history and death until it becomes someplace else entirely. Wagner Moura is terrific throughout, as is Tânia Maria in her short time on screen. Some may find this meandering, and I don't really blame them, as the film ultimately leans into a kind of deliberate bathos, rejecting the satisfaction of the narrative it seems to be setting up for itself, but I can't say I was bored for a moment of it. P.S. Randomly thought I had recognised one of the rooms in this film as the same as one in a Brazilian short film I had watched a while back called Green Vinyl, and it turns out the same guy directed this! Not even sure if it's the same location or not, but still have to commend myself. Some catch."
Sirāt (2025),"A Sorcerer- esque road trip misadventure in search of a utopian rave in the middle of the Moroccan desert sounds unbelievably cool in theory, but unfortunately with Sirāt, it's totally drab in execution. A narrative that's so hard to take seriously that you almost have to assume that Laxe is shooting for dark comedy- though if so, it's terribly unfunny."
Song Sung Blue (2025),"It's fine. Very schmaltzy and I was ready for it to end about 3 times before it did. Kate Hudson and Hugh Jackman are good enough, though I couldn't help but keep thinking of the TikToks poking fun at Jackman's vibrato every time he sings, even though it's less egregious here."
Resurrection (2025),"Apichatpong Weerasethakul, one of the pillars of slow cinema, has on many occasions spoken of his comfort with viewers falling asleep to the lulling, hypnotic nature of his films, saying, ""I am fine when people say that they fall asleep in my movies. They wake up and can patch things together in their own way,"" and has even gone so far as to express a desire to ""have a cinema specifically for sleeping."" With Bi Gan's new feature Resurrection , he decides to skip the middleman, fashioning a film that all but invites unconsciousness by exploring the connective power of dreams. As such, the narrative unfolds with a oneiric fluidity, where characters, places, and moments shift seamlessly, hinting at a faint longing for what slips away, before we are drawn wholly into its current, until we wake to patch together the fragments like shots in a reel of film."
Project Hail Mary (2026),"No doubt the snarky contrarians will love to hate on this, particularly because it coincidentally finds itself on the arbitrary list of highest-rated films on this platform, as many coveted releases do before their inevitable fall-off. But as a fan of Weir's novel, I couldn't help but be won over by the feel-good charms of Project Hail Mary . It's certainly a little more MCU-style quippy and a little less of a microcosmic science lesson-probably my favourite characteristic of the book, and it's a shame that it's not as present here. There's also a noticeably lighter weight to the gravity of the decisions and sacrifices made, yet it remains delightful on the whole, much down to Ryan Gosling as Ryland Grace-a name close enough that you can't help but think Weir had him in mind while writing his protagonist."
Thoroughbreds (2017),"All three of Olivia Cooke, Anya Taylor-Joy, and Anton Yelchin are so good in this. We need Olivia Cooke in more things please."
Reality (2023),"Having watched both this and Sharp Objects recently, though she's in the latter only briefly, I'm still of the belief that Sydney Sweeney can very much act; it's just that her current path is seemingly a lot more lucrative, which is a sad sight to see."
The Ice Storm (1997),"Feels like when people say ""They don't make movies like this anymore,"" they're usually talking about grand epics when they should really be talking about small, domestic dramas like The Ice Storm. A film that could veer into so many avenues of excessive melodrama, but it never really does; instead it toes the line with sprinkles of dark humour that lesser films would go all out on. Almost feels like the closest thing to a Hollywood Haneke film, albeit vastly less dark and cold-ironic considering its name."
Peaky Blinders: The Immortal Man (2026),"Probably works a little better in a vacuum if you haven't seen the show, and although it's been a few years for me, Peaky Blinders: The Immortal Man still falls into the exact same schtick that had already become old post-season 2. It's shot competently enough, but frankly, why did this need to be made? Other than the fact that it is painfully obvious that this is setting up for the spin-off sequel series, it just doesn't justify its existence as a worthwhile continuation. The show became a pretty vapid parody of itself in the last couple of seasons, coasting off Tommy's PTSD and depression as if that's a compelling crux after seeing it for multiple seasons prior, and the film is more of the same. Many well-regarded shows develop cult-like fanbases, and no subsection is quite as insufferable as those who assume the identity of Tommy Shelby as a sort of anti-woke, jingoistic symbol. Usually these audiences are drawn through a fundamental misunderstanding of the material that they're canonising, but I'm really, probably belatedly, beginning to think that Peaky Blinders does nothing to dissuade people that the messages they're taking away and the symbols they're creating are false."
Coma (2022),"""The dreams of others are extremely dangerous... Never get caught in someone else's dream."" For such a major event that impacted the lives of so many people, there's still a noticeable lack of art that captures the rather singular feeling of the global pandemic. You'd expect this feeling to be a little more quantifiable, but perhaps it's the oxymoron of being forcibly separated from the rest of the world but still having access to it that makes this feeling so unknowable. Therefore, through Coma, Bonello forgoes the task of trying to articulate his own experience, and instead opens himself up to the empathy of depicting his teenage daughter's. It's a beautiful ode that tries to capture the complexity of the world being taken away from you just as you've gotten to know it, told through skits with dolls, enigmatic YouTube tutorials, and nightmarish simulations of a purgatorial forest prison. Reminds me a little of We're All Going to the World's Fair in that I'm not sure it all entirely works together, especially for the amount it tries to do in under 90 minutes, but it's nothing if not affecting."
Black Bag (2025),Soderbergh is a savant for this type of sleek filmmaking and he doesn't miss here.
The Smashing Machine (2025),"Almost as if Benny Safdie recognised that there's so many clichéd routes that fighting, and particularly wrestling films, take with issues of substance abuse and pushing oneself too hard that he glosses over them for the most part, but in doing so leaves a film that feels like mostly empty space. If Dwayne Johnson really wanted to legitimise himself as a quote-unquote actor, why choose a role so in his wheelhouse?"
Speak No Evil (2024),"Think it misses the boat on where it focuses its messaging, especially with the dad character, but McAvoy is great. Should probably see how this holds up in comparison to the original."
Urchin (2025),"Watched this half on a plane and half at home, which may have hindered the experience a little bit, but have to say I'm very much impressed. Always a little sceptical when actors try their hand at directing, especially one as early in his career as Dickinson is, but this is compelling stuff for a debut, with Frank Dillane giving one of the years best performances."
Buffalo '66 (1998),"Love Christina Ricci. My first Gallo, and I'm kinda surprised he didn't make more films than he did, even though he is largely known as an arrogant creep-but it's not like that's stopped many others from thriving in the film industry."
Red Rooms (2023),What are they putting in these French courtroom dramas?!
El Sur (1983),"It almost adds to the beauty of the film- the sense that parts of our parents will always remain unknowable- with the fact that Erice considered this to be an unfinished half of a story. A coming to terms with information absorbed in childhood, only contextualised once you grow up and look back on it. Scenes fading in and out through light like memories. Gorgeous."
The Drama (2026),"I do find myself wondering how cinema audiences in the US have reacted to The Drama compared to here in the UK, because in my screening much of the film was met with laughter, whereas I can easily imagine some of those same moments landing quite differently for American viewers. That said, the film feels somewhat lacking in the cultural bite that Borgli brought to Sick of Myself , though it's undeniably clever in how the narrative hinges on the fallout from an act that was never even committed, and in the way it both begins and ends as a parody of a romantic comedy. Don't think there's much that could convince me not to marry Zendaya, though."
Loveless (2017),"I remember, sometime after the release of Roland Emmerich's 2009 film 2012 , I was at a family member's house for some gathering, and we had decided one evening to watch the film. A post-film discussion ensued, debating on whether the world would actually end in 2012, or whether it was just a paranoid rehash of the Y2K hysteria that I had just missed having been born in 2001. The conversation continued, some devil's advocates fruitlessly defending the corner of the world actually ending in 2012, no doubt to frighten the then 8 or 9 year old me, and some trying to determine that if the world wasn't to end in apocalyptic inferno in 2012, then when was the Earth, and all of us in the room with it, to meet its untimely demise? It was during this conversation that, briefly and unheard by the rest of the room, my grandma brought up that she thought that the world wasn't going to end in 2012, but 2016. It was a short comment that I paid no real mind to as part of the larger back and forth, especially since I don't think anybody else but me heard it, but looking back a few years on, the comment weirdly struck a chord with me, because my grandma passed away in 2016. So, in a way, the world didn't end then as she said it would, but I guess, in some quietly macabre way, her world did. In Loveless , in a similar vein to Haneke's Caché , the background sound is often populated by mutterings of political news or related commentary through radio. It's one of those implicit period pieces that doesn't quite state what year it is, and so you infer through diegetic cues like the technology used or the aforementioned radio talk when it's actually set. Talk of Russia's presidential election (where Putin came into power again), conflict with Ukraine, and a mention of a growing sentiment of the world coming to an end, signalled by the inexplicable conclusion of the Mayan calendar, lets you eventually place the film as being set sometime in 2012. From this, I was reminded of the earlier anecdote, and empathised with this child, stuck beneath the dying embers of a loveless marriage, and thought that it was like his world was coming to an end too. A solitary apocalypse borne of the cold, cultural stoicism that meant that nobody was listening, that reduces him to being one of many, while the rest of the world- and the rest of the household- try and try to move on with their lives."
Outcome (2026),"There's maybe a nugget of worthwhile stuff in here but it's buried deep beneath layers upon layers of vanity and failed attempts at relevant humour. Seriously how does someone so intertwined with comedy have their finger so far off the pulse when it comes to directing it? A little highlight with Marty, and strangely enough Ivy Volk, who provided my only chuckle of the film. I was going to call Outcome this year's Poolman , but at least that wasn't as insufferable in its ironic self-pitying."
The Forbidden Room (2015),"A film very clearly made by an editor, and quite unlike anything I've seen before. Perhaps almost lends itself to the drowsy state I watched this in, and probably the closest comparison to Resurrection that I saw earlier this year. Though, I'm not sure I totally loved the humour, aside from a couple gags, and the fast-paced anthology really made it hard to become invested in any of it; more interesting as an art piece as homage to early cinema than anything else."
PlayTime (1967),"An ardent satire built upon a circus of slapstick bureaucracy that leaves you as lost as its juggled protagonists. Trapped in a labyrinthine concrete jungle of choreographed routine that renders the beauty of the old world just out of reach, and instead embraces the chaos of modernity with a fatalistic acceptance."
Mystic River (2003),Laura Linney auditioning for Wendy from Ozark at the end there.
Maps to the Stars (2014),"Almost no-one plays the balancing act of sincerity and comedy as well as Cronenberg, and here he's expressing his burning contempt for the incestuous, nepotistic inauthenticity of Hollywood- and Los Angeles in general- with a biting, sardonic edge. A constellation of stars connected by the same depravity and cycle of reciprocal sycophancy. Plus, Julianne Moore and Mia Wasikowska in the same movie- I was pretty much guaranteed to like it."
Throne of Blood (1957),"Been a little while since I last watched a Kurosawa film, but I have to say I think this has been my least favourite so far. Mifune is terrific as ever, and this is no doubt a feast visually, but all the other characters (and I'm going to call them by their original names because I couldn't tell you what they were here) like Duncan, Lady Macbeth, Banquo, and Macduff all feel a bit glossed over. As such, a lot of the emotional power of the play is lost, and even though the revision of the ending is a thrilling watch, I think it kind of highlights why the film didn't totally work for me, because that final confrontation between Macduff and Macbeth feels like an exclusion that is ultimately of no consequence."
Black Hawk Down (2001),"You kind of have to take these war flicks at face value, else it's really hard to derive any sort of insight when you're constantly thinking about how each dramatic moment or line of dialogue is a building block of propaganda- though it's almost funny how little of the chaos is chalked up to military incompetence here. Still, Scott's direction of every set piece is top notch throughout, and even though the American accents are all over the place, the ensemble largely do a good job of existing amidst the carnage. At points, the film feels so excessively dismissive towards its Somali populace, to the extent that it can almost read like a British filmmaker's wry, possibly tongue-in-cheek critique of American patriotism, especially in the closing title card, which notes that over 1000 Somalis were killed, before listing, by name, each of the 19 American soldiers who died, in the same block of text. But maybe I'm reading into it too much."
Dragged Across Concrete (2018),"A little too didactic in the first half, but forgivable in the sense that it lays the groundwork for all that is paid off in the second. Sensational stuff from Zahler. A gritty, no-holds-barred thriller laced with moral provocation that explores the limits at which one's ideals are tested when squeezed under the pressure of money or circumstance. A fastidiously measured examination of how far one can be pushed until they compromise everything that they stand for- or are at least supposed to stand for."
Mona Lisa (1986),"Doesn't delve too deeply into the criminal underworld it portrays, instead leaning into a darkly comedic tone that works more often than not. Still, the film is at its strongest when Bob Hoskins anchors its tragic, doomed romance, with his tender vulnerability beneath a hard-shelled exterior."
Send Help (2026),"A little too silly for my liking, but I suppose that's Raimi's schtick. A pretty fun delve into what would happen if we turned the third act of Triangle of Sadness into a full feature. McAdams and O'Brian are both great, particularly the former who's just an underrated (comic) actress in general."
Chopper (2000),"Bana was probably my favourite part of Black Hawk Down, which I also watched recently, but he's on a totally different level here- stellar stuff from him. Been a little hesitant to delve into Dominik's stuff after watching Blonde a few years back, but I've of course heard about how revered The Assassination of Jesse James by the Coward Robert Ford is, and watching this has shot that up my list."
Fast Times at Ridgemont High (1982),"The characters don't get the same amount of fleshing out as something like Dazed and Confused, mostly because this zooms through a whole school year in 90 minutes while the former explores only one night, but this is still great stuff, and I'm always a bit of a sucker for this sub-genre. It gives me a nostalgia for a time and place I never actually experienced, and Crowe kind of has it that feeling on lock. The flashes of Nicholas Cage had me wondering if it was actually him or not until I saw him down as Nicholas Coppola in the credits; turns out this was his feature debut!"
Magellan (2025),"Couldn't help but think of Lav Diaz saying that he thought of the idea of casting Gael García Bernal as Magellan during sex. In any case, this is stunning. A lingering critique of the reverence for history's mythologised men; be that of an explorer canonised for his conquests or a resistance fighter elevated through nationalist folklore. Diaz interrogates the machinery of historical memory itself, exposing how such figures are shaped, distorted, and sanctified by the narratives that survive them, with the forced imposition of religion extending this same process- colonial violence legitimised as doctrine."
Clerks (1994),"With a film like this where dialogue is so forefront, it becomes very easily apparent when conversations feel contrived or inauthentic, especially when you have inexperienced actors delivering it. While parts of Clerks feel earnest in their means of showing that you have to take action to change your circumstance, the rest just feels like a means to an end, with a few gags thrown in to paper the cracks. You can give enough grace when you see the low budget as well as the fact this is a directorial debut, and I get that the constructed vibe can be a stylistic choice, but the only thing I ever really buy are Jeff Anderson's antics as a way to deal with workplace ennui."
Train to Busan (2016),"First act rips and the action sequences have some real momentum to them in spite of looking pretty ugly and feeling a little over-choreographed at times. Hard to say that I couldn't foresee exactly where each character would end up within the first few moments of meeting them, but it still builds to a fairly emotional climax nevertheless."
Badlands (1973),"I flip-flop between which of Malick's films is my favourite a fair amount, but it's safe to say the one I find myself thinking about the most is unequivocally Badlands - and that may just answer that question for me."
Vicky Cristina Barcelona (2008),"Possibly my favourite of Allen's work thus far, largely because there's not really a self-insert character here, save maybe some bathetic voiceover; rather Bardem's charming Catalonian is more a representation of who he'd want to be, which is a notably less egregious sin because who wouldn't have that desire? Needless to say, as soon as Penelope Cruz' character is introduced, she takes command of each scene she's in and the rest of the film floats on her energy."
A Simple Plan (1998),"I'm not not a fan of Raimi's prototypical pulpy style, but A Simple Plan works best precisely because of its restraint. As a straight moral tragedy, it feels as cold and inevitable as the snow that envelops its landscape, and just as entrapping. Paxton and Thornton are exceptional together, and every shift in their dynamic lands exactly as it should."
Duel (1971),"Man, keeping the anonymity of the truck driver the whole way is just not something you would get in a movie nowadays. I'm not as hot on a lot of Spielberg's stuff as many people, and even though this still runs a little long for my liking, it is still a killer debut. A Hitchcockian twist on the old Western standoff that doubles as a critique of masculine pride and the hollowness of its vindication. I was wondering the whole way through whether the in-your-face, bold-lettered 'FLAMMABLE' on the back of the truck was going to be a red herring or not, and turns out it was!"
Beijing Watermelon (1989),"""Our movie was never able to catch up to reality. Reality is sometimes more powerful than movies."" Been meaning to check out more of Obayashi's work for a long while, and this was just wonderful. Given the hopelessness that sets in midway through-and knowing it was based on a true story-I wasn't sure where it was going to land, and though it could have easily become overwhelmed by sentimentality, Obayashi ultimately steers it in a way that feels wholly fulfilling. Masako Motai's performance in particular holds the emotional weight of the film with such care."
Backrooms (2026),"Comes from the Black Mirror school of high-concept storytelling, where the premise is so strong that it can almost survive on that alone. Backrooms exists almost entirely as an exercise in translating its one idea to the screen, and though it does so remarkably well-particularly in the found-footage segments, which begs the question of why the entire film isn't shot that way-everything surrounding it dissipates into the same liminal void it seeks to evoke. There's something to be said about its attempt to capture the agonising drudgery of office life, with its endless beige corridors and the electrical buzz of fluorescent lighting, in a similar vein to Severance , and the geography of its labyrinthine structure is particularly impressive. This lands especially well amid a growing cultural distaste for the commute-to-cubicle routine in the age of remote work, and Chiwetel Ejiofor's failed architect is a good vehicle for that feeling. But it's his conveniently positioned counterpart-a therapist with unresolved childhood trauma that remains unresolved by the film's end-that offers no real foil and exists primarily as a conduit for exposition, a crutch that seems all too increasingly common in contemporary cinema. And therefore, what we're left with is a film that renders its own mystique too concrete by the end, collapsing its horror into an inert space that feels largely incomplete, though perhaps that's just opening the door on expanding on the lore of the Backrooms even further-even if, ultimately, the more that is explained, the less intriguing the idea becomes."
Women on the Verge of a Nervous Breakdown (1988),"Very fun! Love the colours, the deadpan delivery of all the absurd lines of dialogue, and the fact that it's all told through only a small handful of wonderfully designed locations. Thought this would be more of an ensemble given the title, but still very entertaining nonetheless. Need to see more of Almodóvar's work for sure."
The Firm (1993),"Doesn't decide at all what tone it's going for and it's almost all the better for it. Definitely overlong, and a little overcomplicated, but Hackman's great as always. Love that we see shades of action star Tom Cruise before that became a fully fledged thing; doubly strange that it's in a legal thriller."
Nancy (2018),"Collectively such wonderful performances across the board here. Ambiguous on purpose, sometimes in service of the narrative, though I feel like a better film would have aimed to either side with the malicious pragmatism of a protagonist like in Red Rooms , or with something more empathetic: as there's not really a moment in the film that I believe that this woman could be this couple's missing daughter, and therefore there's never really a moment that I can bask in the same hope that each of them feels. I can appreciate the strive for subtlety, but sometimes I need a little bit more to chew on."
Obsession (2025),"Breathes with the same energy as something like Barbarian insofar as it's an exploration of a very current sort of horror, and Barker's film finds it in the spaces people become trapped inside, though here the labyrinth isn't architectural so much as emotional. The four walls of a suburban nightmare are exchanged for the suffocating confines of an unreciprocated relationship, allowing Barker to interrogate the resentments that metastasise into incel ideology and misogyny-fuelled violence. His internet-native sensibilities prove invaluable in that regard, evident not only in the simplicity of a premise whose monkey's paw familiarity runs the risk of feeling tropey, but which is elevated by his instinctive grasp of the digital spaces from which these grievances emerge, embedding them into the film's DNA with enough confidence that even naming his awkward protagonist Bear feels like a knowing wink towards the viral ""man or bear"" discourse, and the film wastes no time in telling you which side it's on."
Winter Brothers (2017),"Few debuts leave me this eager to see what comes next from a filmmaker. Even having already seen Godland which feels notably more accessible, Winter Brothers feels somehow more assured; a stunning visual and auditory achievement."
The Purple Rose of Cairo (1985),"Could easily feel kitsch and gimmicky as Midnight in Paris did, but Farrow and Daniels' wonderful performances keep the sentimentality feeling like a warming homage rather than on the nose. Loved that ending."
Apex (2026),Bet they thought they were dead clever with that double meaning of a mountain's apex and an apex predator.
The Searchers (1956),Obviously filled with racist tropes that toe the line of being character flaws until they don't. Still one of the most naturalistically gorgeous looking films I've seen.
Yes Man (2008),This and Liar Liar were basically the same film in my mind and I'm finally checking one of them off. Nice to see John Michael Higgins playing what's pretty much his exact character from Community .
Adaptation. (2002),"Man, Nick Cage is so good."
The Invite (2026),"Occasionally superficial, in the sense that it tries to probe something deeper but never quite gets there, yet nevertheless very funny. Certainly a rebound for Olivia Wilde after Don't Worry Darling, though I'm not sure there was ever cause for such a dramatic loss of faith in her directorial ability. If anything, the behind-the-scenes drama that sprang from her previous film seemed to stoke the fire here, prompting a much more incisive exploration of domesticity and sex."
Rachel Getting Married (2008),"Thought I'd do some preparation for The Odyssey tomorrow and watch one of the Anne Hathaway films I hadn't seen, and I gotta say, it might be recency bias, but I think this might be my favourite performance of hers. Reminded me slightly of Margot At The Wedding, though maybe my brain is drawing comparisons where there aren't any just because of the marriage connection. In any case, it just felt so authentic, especially when it's in and around the chaos of wedding ceremonies and all the planning that goes into them, and there's not really much I didn't buy into."
The Odyssey (2026),"There was a whole host of speculation following the release of Christopher Nolan's previous film, Oppenheimer , especially after what was considered to be a long awaited Best Picture and Best Director win at the Oscars, about what could possibly follow on from what many considered to be his opus. In retrospect, the epigraph that opens that film lay covertly as a sign for what was to come: ""Prometheus stole fire from the gods and gave it to man. For this he was chained to a rock and tortured for eternity."" Nolan's exploration of the American Prometheus could only logically be followed by his exploration of a more traditional kind of mythology. Though, his venture to adapt a story that became the foundational archetype by which all succeeding narratives of epic journeys against insurmountable odds followed, including one of his own films in Interstellar , may have been a Scylla and Charybdis in and of itself. Unlike so much of his current catalogue, with an ostensibly complex narrative and a layer of simplicity underneath, the simplicity of The Odyssey is very much a defining feature, and it's the complexity, instead, that lies beneath the surface. And I think it's with that inversion of his formula that Nolan struggles. The film's conclusion, at least, is clear: to defy the gods is to defy your own nature, and to defy your nature is a recipe for disaster; the irony being that Nolan has defied his here too, and it doesn't quite pay off as it should, and, in spite of all the IMAX spectacle, the limitations of the format have never felt more apparent than they do here."
Midnight Cowboy (1969),"So good! Love the way it plays with the idea of transactional relationships between people as well as the transactional relationship between people and capitalism, and there's no better place to encapsulate the coldness of that feeling than New York. Voight and Hoffman are both terrific-their chemistry as a duo makes this feel slightly reminiscent of films like Mikey and Nicky and Thunderbolt and Lightfoot- and Schlesinger nails the aesthetic with such effortlessness."
Blue Heron (2025),"Meta stuff in film always reads as a gamble to me. The second a movie acknowledges itself you lose the thing you came for; the barrier of immersion and escapism between the filmmaker and the audience is gone, leaving the film in this vulnerable state of suddenly becoming unreal. Blue Heron pulls something along those lines at around the halfway mark and I spent a little while unconvinced. The social worker group discussion is too on the nose and I could feel the film wanting me to understand something it had already made me feel beforehand. But then, by proxy, Romvari assumes a role in her own film, and her own memories, and instead of it being a document of what happened, it becomes a confrontation that she's standing inside of. It's a film I've seen versions of before, but the story is so particular to her that it leaves room for you to project your own memories and emotions onto it, and that's where it's most affecting."
Spider-Man: Brand New Day (2026),"Largely business as usual as far as your typical MCU fare goes, though I have to say one facet that disappointed me in particular was just a total lack of velocity with these action sequences. Shang-Chi had some of my favourite stunt choreography across these films but Cretton didn't seem to carry that flow here-it's like they begin to build towards something but then cut away before it actually gets anywhere exciting. Still seems as though James Cameron is the only guy to really get what a kinetic action sequence should look like in a blockbuster. Nevertheless, having grown up with the Raimi films and sharing the aspirations of every young boy my age to grow up to be Spider-Man, I still have a lot of room in my heart for this character, and there is some of that heart in the way that these characters interact in the smaller, more intimate moments, but it's lost as soon as things get bigger; it's like they're terrified to make a grounded, self-contained Spider-Man story."
Waiting... (2005),"Aged awfully and a lot of this is terribly unfunny, but unfortunately it really does kinda feel like an accurate portrayal of working in a restaurant, even though I've luckily never had to work in hospitality, and it did make me laugh a couple times. Plus, the credits song went a little hard."
Tokyo Drifter (1966),Starts a little messy trying to figure out who's on who's side until it gets to a point where is basically doesn't matter. So stylish and fun!
The Holy Mountain (1973),"Somehow I was surprised at the level of gratuity and perversion here, but I suppose I should have known better. Still, about as singular as cinematic vision gets, and I can't say that it won't be sitting in my mind for some time. Always bewilders me when I remember that Jodorowsky is still alive."
Art School Confidential (2006),"I seem to have somewhat of a predilection towards these intimate character-dramas about alienation, and I was quite surprised to see that this was Zwigoff's last feature. It does reinforce the protagonist's viewpoint a little too much at times, where instead of him being equally the target of all the art school satirising, he's more the mouthpiece, and I think that misses the point a little. Still, when we focus on some of the side characters like Malkovich and Broadbent, it's a largely fun time."
Capote (2005),"PSH terrific as always, but I don't think this elevates itself to a level that biopics must in order to really stand out and become memorable. I was kinda surprised that Miller hadn't worked on anything post Foxcatcher, although after finishing the film I read that he's been spending his time making AI generated art for gallery exhibitions, so there's that. Though he's been simultaneously been making a documentary about AI and the shift in the technological space, so I suppose I'll reserve the rest of the judgement until I see the sentiment of that."
